onset	duration	sample	value
15.0839843750	n/a	7723	11001
15.0839843750	n/a	7723	31202
15.0839843750	n/a	7723	13001
15.0839843750	n/a	7723	14211
16.0839843750	n/a	8235	15121
16.1093750000	n/a	8248	14212
16.1093750000	n/a	8248	14111
17.1367187500	n/a	8774	14112
17.1367187500	n/a	8774	14211
18.1621093750	n/a	9299	14212
18.1621093750	n/a	9299	14211
18.7421875000	n/a	9596	15221
19.1894531250	n/a	9825	14212
19.1894531250	n/a	9825	14211
20.2167968750	n/a	10351	14212
20.2167968750	n/a	10351	14211
21.2421875000	n/a	10876	14212
21.2421875000	n/a	10876	14211
21.4023437500	n/a	10958	15321
22.2695312500	n/a	11402	14212
22.2695312500	n/a	11402	14211
23.2949218750	n/a	11927	14212
23.2949218750	n/a	11927	14111
24.0625000000	n/a	12320	15421
24.3222656250	n/a	12453	14112
24.3222656250	n/a	12453	14211
25.3496093750	n/a	12979	14212
25.3496093750	n/a	12979	14211
26.3750000000	n/a	13504	14212
26.3750000000	n/a	13504	14211
26.7226562500	n/a	13682	15521
27.4023437500	n/a	14030	14212
27.4023437500	n/a	14030	14111
28.4296875000	n/a	14556	14112
28.4296875000	n/a	14556	14211
29.3828125000	n/a	15044	15621
29.4550781250	n/a	15081	14212
29.4550781250	n/a	15081	14211
30.4824218750	n/a	15607	14212
32.2519531250	n/a	16513	21111
32.8359375000	n/a	16812	21111
34.4023437500	n/a	17614	21111
35.7226562500	n/a	18290	21201
35.7226562500	n/a	18290	13002
36.9394531250	n/a	18913	13001
36.9394531250	n/a	18913	14211
37.9394531250	n/a	19425	15121
37.9648437500	n/a	19438	14212
37.9648437500	n/a	19438	14211
38.9921875000	n/a	19964	14212
38.9921875000	n/a	19964	14211
40.0175781250	n/a	20489	14212
40.0175781250	n/a	20489	14211
40.5976562500	n/a	20786	15221
41.0449218750	n/a	21015	14212
41.0449218750	n/a	21015	14211
42.0722656250	n/a	21541	14212
42.0722656250	n/a	21541	14211
43.0976562500	n/a	22066	14212
43.0976562500	n/a	22066	14211
43.2578125000	n/a	22148	15321
44.1250000000	n/a	22592	14212
44.1250000000	n/a	22592	14211
45.1503906250	n/a	23117	14212
45.1503906250	n/a	23117	14211
45.9179687500	n/a	23510	15421
46.1777343750	n/a	23643	14212
46.1777343750	n/a	23643	14111
47.2050781250	n/a	24169	14112
47.2050781250	n/a	24169	14211
48.2304687500	n/a	24694	14212
48.2304687500	n/a	24694	14111
48.5781250000	n/a	24872	15521
49.2578125000	n/a	25220	14112
49.2578125000	n/a	25220	14111
50.2851562500	n/a	25746	14112
50.2851562500	n/a	25746	14211
51.2382812500	n/a	26234	15621
51.3105468750	n/a	26271	14212
51.3105468750	n/a	26271	14211
52.3378906250	n/a	26797	14212
53.4550781250	n/a	27369	21111
53.9277343750	n/a	27611	21111
54.9921875000	n/a	28156	21111
55.8867187500	n/a	28614	21201
55.8867187500	n/a	28614	13002
57.1054687500	n/a	29238	13001
57.1054687500	n/a	29238	14211
58.1054687500	n/a	29750	15121
58.1308593750	n/a	29763	14212
58.1308593750	n/a	29763	14211
59.1582031250	n/a	30289	14212
59.1582031250	n/a	30289	14211
60.1835937500	n/a	30814	14212
60.1835937500	n/a	30814	14211
60.7636718750	n/a	31111	15221
61.2109375000	n/a	31340	14212
61.2109375000	n/a	31340	14111
62.2382812500	n/a	31866	14112
62.2382812500	n/a	31866	14211
63.2636718750	n/a	32391	14212
63.2636718750	n/a	32391	14211
63.4238281250	n/a	32473	15321
64.2910156250	n/a	32917	14212
64.2910156250	n/a	32917	14111
65.3164062500	n/a	33442	14112
65.3164062500	n/a	33442	14211
66.0839843750	n/a	33835	15421
66.3437500000	n/a	33968	14212
66.3437500000	n/a	33968	14211
67.3710937500	n/a	34494	14212
67.3710937500	n/a	34494	14211
68.3964843750	n/a	35019	14212
68.3964843750	n/a	35019	14211
68.7441406250	n/a	35197	15521
69.4238281250	n/a	35545	14212
69.4238281250	n/a	35545	14211
70.4511718750	n/a	36071	14212
70.4511718750	n/a	36071	14111
71.4042968750	n/a	36559	15621
71.4765625000	n/a	36596	14112
71.4765625000	n/a	36596	14211
72.5039062500	n/a	37122	14212
74.1542968750	n/a	37967	21111
74.6738281250	n/a	38233	21111
75.5195312500	n/a	38666	21111
77.1542968750	n/a	39503	21201
77.1542968750	n/a	39503	13002
78.4257812500	n/a	40154	13001
78.4257812500	n/a	40154	14211
79.4257812500	n/a	40666	15121
79.4511718750	n/a	40679	14212
79.4511718750	n/a	40679	14211
80.4785156250	n/a	41205	14212
80.4785156250	n/a	41205	14111
81.5039062500	n/a	41730	14112
81.5039062500	n/a	41730	14111
82.0839843750	n/a	42027	15221
82.5312500000	n/a	42256	14112
82.5312500000	n/a	42256	14211
83.5585937500	n/a	42782	14212
83.5585937500	n/a	42782	14111
84.5839843750	n/a	43307	14112
84.5839843750	n/a	43307	14211
84.7441406250	n/a	43389	15321
85.6113281250	n/a	43833	14212
85.6113281250	n/a	43833	14211
86.6367187500	n/a	44358	14212
86.6367187500	n/a	44358	14211
87.4042968750	n/a	44751	15421
87.6640625000	n/a	44884	14212
87.6640625000	n/a	44884	14111
88.6914062500	n/a	45410	14112
88.6914062500	n/a	45410	14211
89.7167968750	n/a	45935	14212
89.7167968750	n/a	45935	14211
90.0644531250	n/a	46113	15521
90.7441406250	n/a	46461	14212
90.7441406250	n/a	46461	14211
91.7714843750	n/a	46987	14212
91.7714843750	n/a	46987	14211
92.7246093750	n/a	47475	15621
92.7968750000	n/a	47512	14212
92.7968750000	n/a	47512	14211
93.8242187500	n/a	48038	14212
94.8242187500	n/a	48550	21111
95.4472656250	n/a	48869	21111
97.4726562500	n/a	49906	21111
98.1582031250	n/a	50257	21111
99.5117187500	n/a	50950	21201
99.5117187500	n/a	50950	13002
100.7207031250	n/a	51569	13001
100.7207031250	n/a	51569	14211
101.7207031250	n/a	52081	15121
101.7460937500	n/a	52094	14212
101.7460937500	n/a	52094	14211
102.7734375000	n/a	52620	14212
102.7734375000	n/a	52620	14211
103.7988281250	n/a	53145	14212
103.7988281250	n/a	53145	14111
104.3789062500	n/a	53442	15221
104.8261718750	n/a	53671	14112
104.8261718750	n/a	53671	14211
105.8535156250	n/a	54197	14212
105.8535156250	n/a	54197	14211
106.8789062500	n/a	54722	14212
106.8789062500	n/a	54722	14211
107.0390625000	n/a	54804	15321
107.9062500000	n/a	55248	14212
107.9062500000	n/a	55248	14211
108.9316406250	n/a	55773	14212
108.9316406250	n/a	55773	14211
109.6992187500	n/a	56166	15421
109.9589843750	n/a	56299	14212
109.9589843750	n/a	56299	14211
110.9863281250	n/a	56825	14212
110.9863281250	n/a	56825	14211
112.0117187500	n/a	57350	14212
112.0117187500	n/a	57350	14211
112.3593750000	n/a	57528	15521
113.0390625000	n/a	57876	14212
113.0390625000	n/a	57876	14211
114.0664062500	n/a	58402	14212
114.0664062500	n/a	58402	14111
115.0195312500	n/a	58890	15621
115.0917968750	n/a	58927	14112
115.0917968750	n/a	58927	14211
116.1191406250	n/a	59453	14212
117.1445312500	n/a	59978	21111
117.8886718750	n/a	60359	21111
119.1601562500	n/a	61010	21201
119.1601562500	n/a	61010	13002
119.1601562500	n/a	61010	12202
123.6542968750	n/a	63311	12101
123.6542968750	n/a	63311	13001
123.6542968750	n/a	63311	14211
124.6542968750	n/a	63823	15111
124.6796875000	n/a	63836	14212
124.6796875000	n/a	63836	14111
125.7070312500	n/a	64362	14112
125.7070312500	n/a	64362	14211
126.7324218750	n/a	64887	14212
126.7324218750	n/a	64887	14211
127.3125000000	n/a	65184	15211
127.7597656250	n/a	65413	14212
127.7597656250	n/a	65413	14211
128.7871093750	n/a	65939	14212
128.7871093750	n/a	65939	14211
129.8125000000	n/a	66464	14212
129.8125000000	n/a	66464	14211
129.9726562500	n/a	66546	15311
130.8398437500	n/a	66990	14212
130.8398437500	n/a	66990	14211
131.8652343750	n/a	67515	14212
131.8652343750	n/a	67515	14211
132.6328125000	n/a	67908	15411
132.8925781250	n/a	68041	14212
132.8925781250	n/a	68041	14211
133.9199218750	n/a	68567	14212
133.9199218750	n/a	68567	14111
134.9453125000	n/a	69092	14112
134.9453125000	n/a	69092	14211
135.2929687500	n/a	69270	15511
135.9726562500	n/a	69618	14212
135.9726562500	n/a	69618	14211
137.0000000000	n/a	70144	14212
137.0000000000	n/a	70144	14111
137.9531250000	n/a	70632	15611
138.0253906250	n/a	70669	14112
138.0253906250	n/a	70669	14211
139.0527343750	n/a	71195	14212
139.8828125000	n/a	71620	21111
140.3222656250	n/a	71845	21111
141.0839843750	n/a	72235	21111
141.7871093750	n/a	72595	21201
144.4375000000	n/a	73952	21311
144.4375000000	n/a	73952	16101
145.4375000000	n/a	74464	16102
145.5390625000	n/a	74516	13002
145.5390625000	n/a	74516	13001
145.5390625000	n/a	74516	14211
146.5390625000	n/a	75028	15111
146.5644531250	n/a	75041	14212
146.5644531250	n/a	75041	14211
147.5917968750	n/a	75567	14212
147.5917968750	n/a	75567	14111
148.6171875000	n/a	76092	14112
148.6171875000	n/a	76092	14211
149.1972656250	n/a	76389	15211
149.6445312500	n/a	76618	14212
149.6445312500	n/a	76618	14111
150.6718750000	n/a	77144	14112
150.6718750000	n/a	77144	14211
151.6972656250	n/a	77669	14212
151.6972656250	n/a	77669	14211
151.8574218750	n/a	77751	15311
152.7246093750	n/a	78195	14212
152.7246093750	n/a	78195	14111
153.7500000000	n/a	78720	14112
153.7500000000	n/a	78720	14211
154.5175781250	n/a	79113	15411
154.7773437500	n/a	79246	14212
154.7773437500	n/a	79246	14211
155.8046875000	n/a	79772	14212
155.8046875000	n/a	79772	14211
156.8300781250	n/a	80297	14212
156.8300781250	n/a	80297	14211
157.1777343750	n/a	80475	15511
157.8574218750	n/a	80823	14212
157.8574218750	n/a	80823	14211
158.8847656250	n/a	81349	14212
158.8847656250	n/a	81349	14211
159.8378906250	n/a	81837	15611
159.9101562500	n/a	81874	14212
159.9101562500	n/a	81874	14211
160.9375000000	n/a	82400	14212
161.9199218750	n/a	82903	21111
162.7187500000	n/a	83312	21111
163.3183593750	n/a	83619	21111
164.1035156250	n/a	84021	21201
166.9160156250	n/a	85461	21311
166.9160156250	n/a	85461	16101
167.9160156250	n/a	85973	16102
168.0175781250	n/a	86025	13002
168.0175781250	n/a	86025	13001
168.0175781250	n/a	86025	14211
169.0175781250	n/a	86537	15111
169.0429687500	n/a	86550	14212
169.0429687500	n/a	86550	14111
170.0703125000	n/a	87076	14112
170.0703125000	n/a	87076	14211
171.0957031250	n/a	87601	14212
171.0957031250	n/a	87601	14211
171.6757812500	n/a	87898	15211
172.1230468750	n/a	88127	14212
172.1230468750	n/a	88127	14211
173.1503906250	n/a	88653	14212
173.1503906250	n/a	88653	14211
174.1757812500	n/a	89178	14212
174.1757812500	n/a	89178	14211
174.3359375000	n/a	89260	15311
175.2031250000	n/a	89704	14212
175.2031250000	n/a	89704	14211
176.2285156250	n/a	90229	14212
176.2285156250	n/a	90229	14211
176.9960937500	n/a	90622	15411
177.2558593750	n/a	90755	14212
177.2558593750	n/a	90755	14211
178.2832031250	n/a	91281	14212
178.2832031250	n/a	91281	14211
179.3085937500	n/a	91806	14212
179.3085937500	n/a	91806	14211
179.6562500000	n/a	91984	15511
180.3359375000	n/a	92332	14212
180.3359375000	n/a	92332	14111
181.3632812500	n/a	92858	14112
181.3632812500	n/a	92858	14211
182.3164062500	n/a	93346	15611
182.3886718750	n/a	93383	14212
182.3886718750	n/a	93383	14211
183.4160156250	n/a	93909	14212
184.5898437500	n/a	94510	21111
185.3652343750	n/a	94907	21111
189.3183593750	n/a	96931	21201
192.4531250000	n/a	98536	21311
192.4531250000	n/a	98536	16101
193.4531250000	n/a	99048	16102
193.5546875000	n/a	99100	13002
193.5546875000	n/a	99100	13001
193.5546875000	n/a	99100	14111
194.5546875000	n/a	99612	15111
194.5800781250	n/a	99625	14112
194.5800781250	n/a	99625	14211
195.6074218750	n/a	100151	14212
195.6074218750	n/a	100151	14211
196.6328125000	n/a	100676	14212
196.6328125000	n/a	100676	14111
197.2128906250	n/a	100973	15211
197.6601562500	n/a	101202	14112
197.6601562500	n/a	101202	14211
198.6875000000	n/a	101728	14212
198.6875000000	n/a	101728	14211
199.7128906250	n/a	102253	14212
199.7128906250	n/a	102253	14211
199.8730468750	n/a	102335	15311
200.7402343750	n/a	102779	14212
200.7402343750	n/a	102779	14211
201.7656250000	n/a	103304	14212
201.7656250000	n/a	103304	14211
202.5332031250	n/a	103697	15411
202.7929687500	n/a	103830	14212
202.7929687500	n/a	103830	14211
203.8203125000	n/a	104356	14212
203.8203125000	n/a	104356	14211
204.8457031250	n/a	104881	14212
204.8457031250	n/a	104881	14211
205.1933593750	n/a	105059	15511
205.8730468750	n/a	105407	14212
205.8730468750	n/a	105407	14211
206.9003906250	n/a	105933	14212
206.9003906250	n/a	105933	14111
207.8535156250	n/a	106421	15611
207.9257812500	n/a	106458	14112
207.9257812500	n/a	106458	14211
208.9531250000	n/a	106984	14212
209.4316406250	n/a	107229	21111
209.9257812500	n/a	107482	21111
210.5273437500	n/a	107790	21111
211.4941406250	n/a	108285	21201
214.4199218750	n/a	109783	21311
214.4199218750	n/a	109783	16101
215.4199218750	n/a	110295	16102
215.5214843750	n/a	110347	13002
215.5214843750	n/a	110347	13001
215.5214843750	n/a	110347	14211
216.5214843750	n/a	110859	15111
216.5468750000	n/a	110872	14212
216.5468750000	n/a	110872	14211
217.5742187500	n/a	111398	14212
217.5742187500	n/a	111398	14211
218.5996093750	n/a	111923	14212
218.5996093750	n/a	111923	14211
219.1796875000	n/a	112220	15211
219.6269531250	n/a	112449	14212
219.6269531250	n/a	112449	14211
220.6542968750	n/a	112975	14212
220.6542968750	n/a	112975	14211
221.6796875000	n/a	113500	14212
221.6796875000	n/a	113500	14211
221.8398437500	n/a	113582	15311
222.7070312500	n/a	114026	14212
222.7070312500	n/a	114026	14111
223.7324218750	n/a	114551	14112
223.7324218750	n/a	114551	14211
224.5000000000	n/a	114944	15411
224.7597656250	n/a	115077	14212
224.7597656250	n/a	115077	14211
225.7871093750	n/a	115603	14212
225.7871093750	n/a	115603	14211
226.8125000000	n/a	116128	14212
226.8125000000	n/a	116128	14111
227.1601562500	n/a	116306	15511
227.8398437500	n/a	116654	14112
227.8398437500	n/a	116654	14211
228.8671875000	n/a	117180	14212
228.8671875000	n/a	117180	14111
229.8203125000	n/a	117668	15611
229.8925781250	n/a	117705	14112
229.8925781250	n/a	117705	14111
230.9199218750	n/a	118231	14112
232.4257812500	n/a	119002	21111
232.9218750000	n/a	119256	21111
233.3945312500	n/a	119498	21111
233.9707031250	n/a	119793	21111
235.0097656250	n/a	120325	21201
237.4765625000	n/a	121588	21311
237.4765625000	n/a	121588	16101
238.4765625000	n/a	122100	16102
238.5781250000	n/a	122152	13002
238.5781250000	n/a	122152	13001
238.5781250000	n/a	122152	14211
239.5781250000	n/a	122664	15111
239.6035156250	n/a	122677	14212
239.6035156250	n/a	122677	14211
240.6308593750	n/a	123203	14212
240.6308593750	n/a	123203	14211
241.6562500000	n/a	123728	14212
241.6562500000	n/a	123728	14211
242.2363281250	n/a	124025	15211
242.6835937500	n/a	124254	14212
242.6835937500	n/a	124254	14211
243.7109375000	n/a	124780	14212
243.7109375000	n/a	124780	14111
244.7363281250	n/a	125305	14112
244.7363281250	n/a	125305	14211
244.8964843750	n/a	125387	15311
245.7636718750	n/a	125831	14212
245.7636718750	n/a	125831	14211
246.7890625000	n/a	126356	14212
246.7890625000	n/a	126356	14111
247.5566406250	n/a	126749	15411
247.8164062500	n/a	126882	14112
247.8164062500	n/a	126882	14111
248.8437500000	n/a	127408	14112
248.8437500000	n/a	127408	14211
249.8691406250	n/a	127933	14212
249.8691406250	n/a	127933	14211
250.2167968750	n/a	128111	15511
250.8964843750	n/a	128459	14212
250.8964843750	n/a	128459	14211
251.9238281250	n/a	128985	14212
251.9238281250	n/a	128985	14231
252.8769531250	n/a	129473	15611
252.9492187500	n/a	129510	14232
252.9492187500	n/a	129510	14211
253.9765625000	n/a	130036	14212
255.3085937500	n/a	130718	21111
256.0527343750	n/a	131099	21111
256.9492187500	n/a	131558	21111
257.3886718750	n/a	131783	21121
258.4042968750	n/a	132303	21201
261.3300781250	n/a	133801	21321
261.3300781250	n/a	133801	16201
262.3300781250	n/a	134313	16202
262.4316406250	n/a	134365	13002
262.4316406250	n/a	134365	13001
262.4316406250	n/a	134365	14211
263.4316406250	n/a	134877	15111
263.4570312500	n/a	134890	14212
263.4570312500	n/a	134890	14211
264.4843750000	n/a	135416	14212
264.4843750000	n/a	135416	14211
265.5097656250	n/a	135941	14212
265.5097656250	n/a	135941	14211
266.0898437500	n/a	136238	15211
266.5371093750	n/a	136467	14212
266.5371093750	n/a	136467	14211
267.5644531250	n/a	136993	14212
267.5644531250	n/a	136993	14211
268.5898437500	n/a	137518	14212
268.5898437500	n/a	137518	14211
268.7500000000	n/a	137600	15311
269.6171875000	n/a	138044	14212
269.6171875000	n/a	138044	14211
270.6425781250	n/a	138569	14212
270.6425781250	n/a	138569	14111
271.4101562500	n/a	138962	15411
271.6699218750	n/a	139095	14112
271.6699218750	n/a	139095	14231
272.6972656250	n/a	139621	14232
272.6972656250	n/a	139621	14211
273.7226562500	n/a	140146	14212
273.7226562500	n/a	140146	14211
274.0703125000	n/a	140324	15511
274.7500000000	n/a	140672	14212
274.7500000000	n/a	140672	14211
275.7773437500	n/a	141198	14212
275.7773437500	n/a	141198	14111
276.7304687500	n/a	141686	15611
276.8027343750	n/a	141723	14112
276.8027343750	n/a	141723	14211
277.8300781250	n/a	142249	14212
278.6425781250	n/a	142665	21111
279.2832031250	n/a	142993	21111
280.2910156250	n/a	143509	21121
281.0664062500	n/a	143906	21201
284.8183593750	n/a	145827	21321
284.8183593750	n/a	145827	16201
285.8183593750	n/a	146339	16202
285.9199218750	n/a	146391	13002
285.9199218750	n/a	146391	13001
285.9199218750	n/a	146391	14211
286.9199218750	n/a	146903	15111
286.9453125000	n/a	146916	14212
286.9453125000	n/a	146916	14211
287.9726562500	n/a	147442	14212
287.9726562500	n/a	147442	14211
288.9980468750	n/a	147967	14212
288.9980468750	n/a	147967	14111
289.5781250000	n/a	148264	15211
290.0253906250	n/a	148493	14112
290.0253906250	n/a	148493	14211
291.0527343750	n/a	149019	14212
291.0527343750	n/a	149019	14211
292.0781250000	n/a	149544	14212
292.0781250000	n/a	149544	14111
292.2382812500	n/a	149626	15311
293.1054687500	n/a	150070	14112
293.1054687500	n/a	150070	14231
294.1308593750	n/a	150595	14232
294.1308593750	n/a	150595	14121
294.8984375000	n/a	150988	15411
295.1582031250	n/a	151121	14122
295.1582031250	n/a	151121	14211
296.1855468750	n/a	151647	14212
296.1855468750	n/a	151647	14211
297.2109375000	n/a	152172	14212
297.2109375000	n/a	152172	14211
297.5585937500	n/a	152350	15511
298.2382812500	n/a	152698	14212
298.2382812500	n/a	152698	14211
299.2656250000	n/a	153224	14212
299.2656250000	n/a	153224	14211
300.2187500000	n/a	153712	15611
300.2910156250	n/a	153749	14212
300.2910156250	n/a	153749	14211
301.3183593750	n/a	154275	14212
302.4492187500	n/a	154854	21121
303.0742187500	n/a	155174	21111
303.6914062500	n/a	155490	21111
304.3632812500	n/a	155834	21201
306.8164062500	n/a	157090	21311
306.8164062500	n/a	157090	16101
307.8164062500	n/a	157602	16102
307.9179687500	n/a	157654	13002
307.9179687500	n/a	157654	13001
307.9179687500	n/a	157654	14211
308.9179687500	n/a	158166	15111
308.9433593750	n/a	158179	14212
308.9433593750	n/a	158179	14211
309.9707031250	n/a	158705	14212
309.9707031250	n/a	158705	14211
310.9960937500	n/a	159230	14212
310.9960937500	n/a	159230	14111
311.5761718750	n/a	159527	15211
312.0234375000	n/a	159756	14112
312.0234375000	n/a	159756	14111
313.0507812500	n/a	160282	14112
313.0507812500	n/a	160282	14211
314.0761718750	n/a	160807	14212
314.0761718750	n/a	160807	14211
314.2363281250	n/a	160889	15311
315.1035156250	n/a	161333	14212
315.1035156250	n/a	161333	14211
316.1289062500	n/a	161858	14212
316.1289062500	n/a	161858	14211
316.8964843750	n/a	162251	15411
317.1562500000	n/a	162384	14212
317.1562500000	n/a	162384	14111
318.1835937500	n/a	162910	14112
318.1835937500	n/a	162910	14211
319.2089843750	n/a	163435	14212
319.2089843750	n/a	163435	14211
319.5566406250	n/a	163613	15511
320.2363281250	n/a	163961	14212
320.2363281250	n/a	163961	14211
321.2636718750	n/a	164487	14212
321.2636718750	n/a	164487	14211
322.2167968750	n/a	164975	15611
322.2890625000	n/a	165012	14212
322.2890625000	n/a	165012	14211
323.3164062500	n/a	165538	14212
324.2421875000	n/a	166012	21111
324.8027343750	n/a	166299	21111
325.4023437500	n/a	166606	21111
326.2500000000	n/a	167040	21201
328.8652343750	n/a	168379	21311
328.8652343750	n/a	168379	16101
329.8652343750	n/a	168891	16102
329.9667968750	n/a	168943	13002
329.9667968750	n/a	168943	13001
329.9667968750	n/a	168943	14211
330.9667968750	n/a	169455	15111
330.9921875000	n/a	169468	14212
330.9921875000	n/a	169468	14211
332.0195312500	n/a	169994	14212
332.0195312500	n/a	169994	14211
333.0449218750	n/a	170519	14212
333.0449218750	n/a	170519	14211
333.6250000000	n/a	170816	15211
334.0722656250	n/a	171045	14212
334.0722656250	n/a	171045	14211
335.0996093750	n/a	171571	14212
335.0996093750	n/a	171571	14111
336.1250000000	n/a	172096	14112
336.1250000000	n/a	172096	14111
336.2851562500	n/a	172178	15311
337.1523437500	n/a	172622	14112
337.1523437500	n/a	172622	14211
338.1777343750	n/a	173147	14212
338.1777343750	n/a	173147	14211
338.9453125000	n/a	173540	15411
339.2050781250	n/a	173673	14212
339.2050781250	n/a	173673	14211
340.2324218750	n/a	174199	14212
340.2324218750	n/a	174199	14211
341.2578125000	n/a	174724	14212
341.2578125000	n/a	174724	14211
341.6054687500	n/a	174902	15511
342.2851562500	n/a	175250	14212
342.2851562500	n/a	175250	14211
343.3125000000	n/a	175776	14212
343.3125000000	n/a	175776	14111
344.2656250000	n/a	176264	15611
344.3378906250	n/a	176301	14112
344.3378906250	n/a	176301	14111
345.3652343750	n/a	176827	14112
346.1601562500	n/a	177234	21111
347.0175781250	n/a	177673	21111
347.4648437500	n/a	177902	21111
348.1054687500	n/a	178230	21111
348.8320312500	n/a	178602	21201
351.1679687500	n/a	179798	21311
351.1679687500	n/a	179798	16101
352.1679687500	n/a	180310	16102
352.2695312500	n/a	180362	13002
352.2695312500	n/a	180362	13001
352.2695312500	n/a	180362	14211
353.2695312500	n/a	180874	15111
353.2949218750	n/a	180887	14212
353.2949218750	n/a	180887	14211
354.3222656250	n/a	181413	14212
354.3222656250	n/a	181413	14111
355.3476562500	n/a	181938	14112
355.3476562500	n/a	181938	14111
355.9277343750	n/a	182235	15211
356.3750000000	n/a	182464	14112
356.3750000000	n/a	182464	14211
357.4023437500	n/a	182990	14212
357.4023437500	n/a	182990	14211
358.4277343750	n/a	183515	14212
358.4277343750	n/a	183515	14211
358.5878906250	n/a	183597	15311
359.4550781250	n/a	184041	14212
359.4550781250	n/a	184041	14211
360.4804687500	n/a	184566	14212
360.4804687500	n/a	184566	14211
361.2480468750	n/a	184959	15411
361.5078125000	n/a	185092	14212
361.5078125000	n/a	185092	14211
362.5351562500	n/a	185618	14212
362.5351562500	n/a	185618	14211
363.5605468750	n/a	186143	14212
363.5605468750	n/a	186143	14111
363.9082031250	n/a	186321	15511
364.5878906250	n/a	186669	14112
364.5878906250	n/a	186669	14211
365.6152343750	n/a	187195	14212
365.6152343750	n/a	187195	14111
366.5683593750	n/a	187683	15611
366.6406250000	n/a	187720	14112
366.6406250000	n/a	187720	14211
367.6679687500	n/a	188246	14212
368.3261718750	n/a	188583	21111
368.8222656250	n/a	188837	21111
369.5019531250	n/a	189185	21111
370.2539062500	n/a	189570	21111
370.9746093750	n/a	189939	21201
375.3945312500	n/a	192202	21311
375.3945312500	n/a	192202	16101
376.3945312500	n/a	192714	16102
376.4960937500	n/a	192766	13002
376.4960937500	n/a	192766	12102
376.4960937500	n/a	192766	12201
376.4960937500	n/a	192766	13001
376.4960937500	n/a	192766	14111
377.4960937500	n/a	193278	15121
377.5214843750	n/a	193291	14112
377.5214843750	n/a	193291	14211
378.5488281250	n/a	193817	14212
378.5488281250	n/a	193817	14211
379.5742187500	n/a	194342	14212
379.5742187500	n/a	194342	14211
380.1542968750	n/a	194639	15221
380.6015625000	n/a	194868	14212
380.6015625000	n/a	194868	14211
381.6289062500	n/a	195394	14212
381.6289062500	n/a	195394	14111
382.6542968750	n/a	195919	14112
382.6542968750	n/a	195919	14211
382.8144531250	n/a	196001	15321
383.6816406250	n/a	196445	14212
383.6816406250	n/a	196445	14211
384.7070312500	n/a	196970	14212
384.7070312500	n/a	196970	14211
385.4746093750	n/a	197363	15421
385.7343750000	n/a	197496	14212
385.7343750000	n/a	197496	14211
386.7617187500	n/a	198022	14212
386.7617187500	n/a	198022	14111
387.7871093750	n/a	198547	14112
387.7871093750	n/a	198547	14211
388.1347656250	n/a	198725	15521
388.8144531250	n/a	199073	14212
388.8144531250	n/a	199073	14211
389.8417968750	n/a	199599	14212
389.8417968750	n/a	199599	14211
390.7949218750	n/a	200087	15621
390.8671875000	n/a	200124	14212
390.8671875000	n/a	200124	14211
391.8945312500	n/a	200650	14212
393.6660156250	n/a	201557	21111
394.1289062500	n/a	201794	21111
394.7285156250	n/a	202101	21111
395.4648437500	n/a	202478	21201
395.4648437500	n/a	202478	13002
396.6640625000	n/a	203092	13001
396.6640625000	n/a	203092	14211
397.6640625000	n/a	203604	15121
397.6894531250	n/a	203617	14212
397.6894531250	n/a	203617	14211
398.7167968750	n/a	204143	14212
398.7167968750	n/a	204143	14211
399.7421875000	n/a	204668	14212
399.7421875000	n/a	204668	14211
400.3222656250	n/a	204965	15221
400.7695312500	n/a	205194	14212
400.7695312500	n/a	205194	14211
401.7968750000	n/a	205720	14212
401.7968750000	n/a	205720	14211
402.8222656250	n/a	206245	14212
402.8222656250	n/a	206245	14111
402.9824218750	n/a	206327	15321
403.8496093750	n/a	206771	14112
403.8496093750	n/a	206771	14211
404.8750000000	n/a	207296	14212
404.8750000000	n/a	207296	14211
405.6425781250	n/a	207689	15421
405.9023437500	n/a	207822	14212
405.9023437500	n/a	207822	14211
406.9296875000	n/a	208348	14212
406.9296875000	n/a	208348	14111
407.9550781250	n/a	208873	14112
407.9550781250	n/a	208873	14111
408.3027343750	n/a	209051	15521
408.9824218750	n/a	209399	14112
408.9824218750	n/a	209399	14111
410.0097656250	n/a	209925	14112
410.0097656250	n/a	209925	14211
410.9628906250	n/a	210413	15621
411.0351562500	n/a	210450	14212
411.0351562500	n/a	210450	14211
412.0625000000	n/a	210976	14212
413.3164062500	n/a	211618	21111
413.7402343750	n/a	211835	21111
414.5703125000	n/a	212260	21111
415.2441406250	n/a	212605	21111
415.9394531250	n/a	212961	21201
415.9394531250	n/a	212961	13002
417.1777343750	n/a	213595	13001
417.1777343750	n/a	213595	14111
418.1777343750	n/a	214107	15121
418.2031250000	n/a	214120	14112
418.2031250000	n/a	214120	14211
419.2304687500	n/a	214646	14212
419.2304687500	n/a	214646	14211
420.2558593750	n/a	215171	14212
420.2558593750	n/a	215171	14211
420.8359375000	n/a	215468	15221
421.2832031250	n/a	215697	14212
421.2832031250	n/a	215697	14111
422.3105468750	n/a	216223	14112
422.3105468750	n/a	216223	14211
423.3359375000	n/a	216748	14212
423.3359375000	n/a	216748	14211
423.4960937500	n/a	216830	15321
424.3632812500	n/a	217274	14212
424.3632812500	n/a	217274	14211
425.3886718750	n/a	217799	14212
425.3886718750	n/a	217799	14211
426.1562500000	n/a	218192	15421
426.4160156250	n/a	218325	14212
426.4160156250	n/a	218325	14211
427.4433593750	n/a	218851	14212
427.4433593750	n/a	218851	14211
428.4687500000	n/a	219376	14212
428.4687500000	n/a	219376	14211
428.8164062500	n/a	219554	15521
429.4960937500	n/a	219902	14212
429.4960937500	n/a	219902	14211
430.5234375000	n/a	220428	14212
430.5234375000	n/a	220428	14211
431.4765625000	n/a	220916	15621
431.5488281250	n/a	220953	14212
431.5488281250	n/a	220953	14211
432.5761718750	n/a	221479	14212
434.0566406250	n/a	222237	21111
435.1210937500	n/a	222782	21111
435.9042968750	n/a	223183	21201
435.9042968750	n/a	223183	13002
437.0996093750	n/a	223795	13001
437.0996093750	n/a	223795	14211
438.0996093750	n/a	224307	15121
438.1250000000	n/a	224320	14212
438.1250000000	n/a	224320	14211
439.1523437500	n/a	224846	14212
439.1523437500	n/a	224846	14211
440.1777343750	n/a	225371	14212
440.1777343750	n/a	225371	14111
440.7578125000	n/a	225668	15221
441.2050781250	n/a	225897	14112
441.2050781250	n/a	225897	14211
442.2324218750	n/a	226423	14212
442.2324218750	n/a	226423	14211
443.2578125000	n/a	226948	14212
443.2578125000	n/a	226948	14211
443.4179687500	n/a	227030	15321
444.2851562500	n/a	227474	14212
444.2851562500	n/a	227474	14111
445.3105468750	n/a	227999	14112
445.3105468750	n/a	227999	14111
446.0781250000	n/a	228392	15421
446.3378906250	n/a	228525	14112
446.3378906250	n/a	228525	14111
447.3652343750	n/a	229051	14112
447.3652343750	n/a	229051	14211
448.3906250000	n/a	229576	14212
448.3906250000	n/a	229576	14211
448.7382812500	n/a	229754	15521
449.4179687500	n/a	230102	14212
449.4179687500	n/a	230102	14211
450.4453125000	n/a	230628	14212
450.4453125000	n/a	230628	14211
451.3984375000	n/a	231116	15621
451.4707031250	n/a	231153	14212
451.4707031250	n/a	231153	14211
452.4980468750	n/a	231679	14212
453.8066406250	n/a	232349	21111
454.3417968750	n/a	232623	21111
454.7988281250	n/a	232857	21111
455.4472656250	n/a	233189	21111
456.2070312500	n/a	233578	21201
456.2070312500	n/a	233578	13002
457.4179687500	n/a	234198	13001
457.4179687500	n/a	234198	14211
458.4179687500	n/a	234710	15121
458.4433593750	n/a	234723	14212
458.4433593750	n/a	234723	14211
459.4707031250	n/a	235249	14212
459.4707031250	n/a	235249	14211
460.4960937500	n/a	235774	14212
460.4960937500	n/a	235774	14111
461.0761718750	n/a	236071	15221
461.5234375000	n/a	236300	14112
461.5234375000	n/a	236300	14211
462.5507812500	n/a	236826	14212
462.5507812500	n/a	236826	14211
463.5761718750	n/a	237351	14212
463.5761718750	n/a	237351	14111
463.7363281250	n/a	237433	15321
464.6035156250	n/a	237877	14112
464.6035156250	n/a	237877	14211
465.6289062500	n/a	238402	14212
465.6289062500	n/a	238402	14211
466.3964843750	n/a	238795	15421
466.6562500000	n/a	238928	14212
466.6562500000	n/a	238928	14111
467.6835937500	n/a	239454	14112
467.6835937500	n/a	239454	14111
468.7089843750	n/a	239979	14112
468.7089843750	n/a	239979	14211
469.0566406250	n/a	240157	15521
469.7363281250	n/a	240505	14212
469.7363281250	n/a	240505	14211
470.7636718750	n/a	241031	14212
470.7636718750	n/a	241031	14211
471.7167968750	n/a	241519	15621
471.7890625000	n/a	241556	14212
471.7890625000	n/a	241556	14211
472.8164062500	n/a	242082	14212
473.4375000000	n/a	242400	21111
474.0312500000	n/a	242704	21111
474.5585937500	n/a	242974	21111
475.1269531250	n/a	243265	21111
476.2226562500	n/a	243826	21201
476.2226562500	n/a	243826	13002
477.4492187500	n/a	244454	13001
477.4492187500	n/a	244454	14211
478.4492187500	n/a	244966	15121
478.4746093750	n/a	244979	14212
478.4746093750	n/a	244979	14211
479.5019531250	n/a	245505	14212
479.5019531250	n/a	245505	14211
480.5273437500	n/a	246030	14212
480.5273437500	n/a	246030	14211
481.1074218750	n/a	246327	15221
481.5546875000	n/a	246556	14212
481.5546875000	n/a	246556	14211
482.5820312500	n/a	247082	14212
482.5820312500	n/a	247082	14211
483.6074218750	n/a	247607	14212
483.6074218750	n/a	247607	14111
483.7675781250	n/a	247689	15321
484.6347656250	n/a	248133	14112
484.6347656250	n/a	248133	14211
485.6601562500	n/a	248658	14212
485.6601562500	n/a	248658	14211
486.4277343750	n/a	249051	15421
486.6875000000	n/a	249184	14212
486.6875000000	n/a	249184	14211
487.7148437500	n/a	249710	14212
487.7148437500	n/a	249710	14211
488.7402343750	n/a	250235	14212
488.7402343750	n/a	250235	14111
489.0878906250	n/a	250413	15521
489.7675781250	n/a	250761	14112
489.7675781250	n/a	250761	14211
490.7949218750	n/a	251287	14212
490.7949218750	n/a	251287	14211
491.7480468750	n/a	251775	15621
491.8203125000	n/a	251812	14212
491.8203125000	n/a	251812	14211
492.8476562500	n/a	252338	14212
494.5527343750	n/a	253211	21111
495.0957031250	n/a	253489	21111
495.7851562500	n/a	253842	21201
495.7851562500	n/a	253842	13002
497.0000000000	n/a	254464	13001
497.0000000000	n/a	254464	14211
498.0000000000	n/a	254976	15121
498.0253906250	n/a	254989	14212
498.0253906250	n/a	254989	14211
499.0527343750	n/a	255515	14212
499.0527343750	n/a	255515	14211
500.0781250000	n/a	256040	14212
500.0781250000	n/a	256040	14211
500.6582031250	n/a	256337	15221
501.1054687500	n/a	256566	14212
501.1054687500	n/a	256566	14211
502.1328125000	n/a	257092	14212
502.1328125000	n/a	257092	14111
503.1582031250	n/a	257617	14112
503.1582031250	n/a	257617	14111
503.3183593750	n/a	257699	15321
504.1855468750	n/a	258143	14112
504.1855468750	n/a	258143	14211
505.2109375000	n/a	258668	14212
505.2109375000	n/a	258668	14211
505.9785156250	n/a	259061	15421
506.2382812500	n/a	259194	14212
506.2382812500	n/a	259194	14211
507.2656250000	n/a	259720	14212
507.2656250000	n/a	259720	14111
508.2910156250	n/a	260245	14112
508.2910156250	n/a	260245	14211
508.6386718750	n/a	260423	15521
509.3183593750	n/a	260771	14212
509.3183593750	n/a	260771	14111
510.3457031250	n/a	261297	14112
510.3457031250	n/a	261297	14211
511.2988281250	n/a	261785	15621
511.3710937500	n/a	261822	14212
511.3710937500	n/a	261822	14211
512.3984375000	n/a	262348	14212
513.5781250000	n/a	262952	21111
514.1152343750	n/a	263227	21111
514.8359375000	n/a	263596	21111
515.5546875000	n/a	263964	21111
516.6425781250	n/a	264521	21201
516.6425781250	n/a	264521	13002
517.8789062500	n/a	265154	13001
517.8789062500	n/a	265154	14211
518.8789062500	n/a	265666	15121
518.9042968750	n/a	265679	14212
518.9042968750	n/a	265679	14211
519.9316406250	n/a	266205	14212
519.9316406250	n/a	266205	14211
520.9570312500	n/a	266730	14212
520.9570312500	n/a	266730	14111
521.5371093750	n/a	267027	15221
521.9843750000	n/a	267256	14112
521.9843750000	n/a	267256	14211
523.0117187500	n/a	267782	14212
523.0117187500	n/a	267782	14211
524.0371093750	n/a	268307	14212
524.0371093750	n/a	268307	14211
524.1972656250	n/a	268389	15321
525.0644531250	n/a	268833	14212
525.0644531250	n/a	268833	14211
526.0898437500	n/a	269358	14212
526.0898437500	n/a	269358	14111
526.8574218750	n/a	269751	15421
527.1171875000	n/a	269884	14112
527.1171875000	n/a	269884	14211
528.1445312500	n/a	270410	14212
528.1445312500	n/a	270410	14211
529.1699218750	n/a	270935	14212
529.1699218750	n/a	270935	14211
529.5175781250	n/a	271113	15521
530.1972656250	n/a	271461	14212
530.1972656250	n/a	271461	14211
531.2246093750	n/a	271987	14212
531.2246093750	n/a	271987	14211
532.1777343750	n/a	272475	15621
532.2500000000	n/a	272512	14212
532.2500000000	n/a	272512	14211
533.2773437500	n/a	273038	14212
534.3183593750	n/a	273571	21111
535.0371093750	n/a	273939	21111
535.7265625000	n/a	274292	21201
535.7265625000	n/a	274292	13002
536.9511718750	n/a	274919	13001
536.9511718750	n/a	274919	14211
537.9511718750	n/a	275431	15121
537.9765625000	n/a	275444	14212
537.9765625000	n/a	275444	14211
539.0039062500	n/a	275970	14212
539.0039062500	n/a	275970	14111
540.0292968750	n/a	276495	14112
540.0292968750	n/a	276495	14211
540.6093750000	n/a	276792	15221
541.0566406250	n/a	277021	14212
541.0566406250	n/a	277021	14211
542.0839843750	n/a	277547	14212
542.0839843750	n/a	277547	14211
543.1093750000	n/a	278072	14212
543.1093750000	n/a	278072	14211
543.2695312500	n/a	278154	15321
544.1367187500	n/a	278598	14212
544.1367187500	n/a	278598	14211
545.1621093750	n/a	279123	14212
545.1621093750	n/a	279123	14111
545.9296875000	n/a	279516	15421
546.1894531250	n/a	279649	14112
546.1894531250	n/a	279649	14111
547.2167968750	n/a	280175	14112
547.2167968750	n/a	280175	14211
548.2421875000	n/a	280700	14212
548.2421875000	n/a	280700	14211
548.5898437500	n/a	280878	15521
549.2695312500	n/a	281226	14212
549.2695312500	n/a	281226	14211
550.2968750000	n/a	281752	14212
550.2968750000	n/a	281752	14211
551.2500000000	n/a	282240	15621
551.3222656250	n/a	282277	14212
551.3222656250	n/a	282277	14211
552.3496093750	n/a	282803	14212
553.2832031250	n/a	283281	21111
554.0117187500	n/a	283654	21111
554.6113281250	n/a	283961	21111
555.5390625000	n/a	284436	21201
555.5390625000	n/a	284436	13002
556.7519531250	n/a	285057	13001
556.7519531250	n/a	285057	14211
557.7519531250	n/a	285569	15121
557.7773437500	n/a	285582	14212
557.7773437500	n/a	285582	14111
558.8046875000	n/a	286108	14112
558.8046875000	n/a	286108	14211
559.8300781250	n/a	286633	14212
559.8300781250	n/a	286633	14211
560.4101562500	n/a	286930	15221
560.8574218750	n/a	287159	14212
560.8574218750	n/a	287159	14211
561.8847656250	n/a	287685	14212
561.8847656250	n/a	287685	14211
562.9101562500	n/a	288210	14212
562.9101562500	n/a	288210	14211
563.0703125000	n/a	288292	15321
563.9375000000	n/a	288736	14212
563.9375000000	n/a	288736	14211
564.9628906250	n/a	289261	14212
564.9628906250	n/a	289261	14211
565.7304687500	n/a	289654	15421
565.9902343750	n/a	289787	14212
565.9902343750	n/a	289787	14211
567.0175781250	n/a	290313	14212
567.0175781250	n/a	290313	14211
568.0429687500	n/a	290838	14212
568.0429687500	n/a	290838	14211
568.3906250000	n/a	291016	15521
569.0703125000	n/a	291364	14212
569.0703125000	n/a	291364	14211
570.0976562500	n/a	291890	14212
570.0976562500	n/a	291890	14111
571.0507812500	n/a	292378	15621
571.1230468750	n/a	292415	14112
571.1230468750	n/a	292415	14211
572.1503906250	n/a	292941	14212
573.8593750000	n/a	293816	21111
574.6582031250	n/a	294225	21111
575.6660156250	n/a	294741	21201
575.6660156250	n/a	294741	13002
576.9023437500	n/a	295374	13001
576.9023437500	n/a	295374	14111
577.9023437500	n/a	295886	15121
577.9277343750	n/a	295899	14112
577.9277343750	n/a	295899	14211
578.9550781250	n/a	296425	14212
578.9550781250	n/a	296425	14211
579.9804687500	n/a	296950	14212
579.9804687500	n/a	296950	14211
580.5605468750	n/a	297247	15221
581.0078125000	n/a	297476	14212
581.0078125000	n/a	297476	14211
582.0351562500	n/a	298002	14212
582.0351562500	n/a	298002	14211
583.0605468750	n/a	298527	14212
583.0605468750	n/a	298527	14211
583.2207031250	n/a	298609	15321
584.0878906250	n/a	299053	14212
584.0878906250	n/a	299053	14111
585.1132812500	n/a	299578	14112
585.1132812500	n/a	299578	14211
585.8808593750	n/a	299971	15421
586.1406250000	n/a	300104	14212
586.1406250000	n/a	300104	14211
587.1679687500	n/a	300630	14212
587.1679687500	n/a	300630	14211
588.1933593750	n/a	301155	14212
588.1933593750	n/a	301155	14211
588.5410156250	n/a	301333	15521
589.2207031250	n/a	301681	14212
589.2207031250	n/a	301681	14111
590.2480468750	n/a	302207	14112
590.2480468750	n/a	302207	14211
591.2011718750	n/a	302695	15621
591.2734375000	n/a	302732	14212
591.2734375000	n/a	302732	14111
592.3007812500	n/a	303258	14112
593.9179687500	n/a	304086	21111
594.6777343750	n/a	304475	21111
595.1347656250	n/a	304709	21111
595.5585937500	n/a	304926	21111
596.1738281250	n/a	305241	21201
596.1738281250	n/a	305241	13002
596.1738281250	n/a	305241	12202
600.2031250000	n/a	307304	12101
600.2031250000	n/a	307304	13001
600.2031250000	n/a	307304	14211
601.2031250000	n/a	307816	15111
601.2285156250	n/a	307829	14212
601.2285156250	n/a	307829	14211
602.2558593750	n/a	308355	14212
602.2558593750	n/a	308355	14211
603.2812500000	n/a	308880	14212
603.2812500000	n/a	308880	14211
603.8613281250	n/a	309177	15211
604.3085937500	n/a	309406	14212
604.3085937500	n/a	309406	14211
605.3359375000	n/a	309932	14212
605.3359375000	n/a	309932	14211
606.3613281250	n/a	310457	14212
606.3613281250	n/a	310457	14211
606.5214843750	n/a	310539	15311
607.3886718750	n/a	310983	14212
607.3886718750	n/a	310983	14111
608.4140625000	n/a	311508	14112
608.4140625000	n/a	311508	14211
609.1816406250	n/a	311901	15411
609.4414062500	n/a	312034	14212
609.4414062500	n/a	312034	14211
610.4687500000	n/a	312560	14212
610.4687500000	n/a	312560	14111
611.4941406250	n/a	313085	14112
611.4941406250	n/a	313085	14211
611.8417968750	n/a	313263	15511
612.5214843750	n/a	313611	14212
612.5214843750	n/a	313611	14211
613.5488281250	n/a	314137	14212
613.5488281250	n/a	314137	14211
614.5019531250	n/a	314625	15611
614.5742187500	n/a	314662	14212
614.5742187500	n/a	314662	14211
615.6015625000	n/a	315188	14212
616.9531250000	n/a	315880	21111
617.6972656250	n/a	316261	21111
618.8105468750	n/a	316831	21201
626.2988281250	n/a	320665	21311
626.2988281250	n/a	320665	16101
627.2988281250	n/a	321177	16102
627.4003906250	n/a	321229	13002
627.4003906250	n/a	321229	13001
627.4003906250	n/a	321229	14211
628.4003906250	n/a	321741	15111
628.4257812500	n/a	321754	14212
628.4257812500	n/a	321754	14211
629.4531250000	n/a	322280	14212
629.4531250000	n/a	322280	14211
630.4785156250	n/a	322805	14212
630.4785156250	n/a	322805	14231
631.0585937500	n/a	323102	15211
631.5058593750	n/a	323331	14232
631.5058593750	n/a	323331	14111
632.5332031250	n/a	323857	14112
632.5332031250	n/a	323857	14211
633.5585937500	n/a	324382	14212
633.5585937500	n/a	324382	14211
633.7187500000	n/a	324464	15311
634.5859375000	n/a	324908	14212
634.5859375000	n/a	324908	14111
635.6113281250	n/a	325433	14112
635.6113281250	n/a	325433	14211
636.3789062500	n/a	325826	15411
636.6386718750	n/a	325959	14212
636.6386718750	n/a	325959	14111
637.6660156250	n/a	326485	14112
637.6660156250	n/a	326485	14121
638.6914062500	n/a	327010	14122
638.6914062500	n/a	327010	14211
639.0390625000	n/a	327188	15511
639.7187500000	n/a	327536	14212
639.7187500000	n/a	327536	14211
640.7460937500	n/a	328062	14212
640.7460937500	n/a	328062	14211
641.6992187500	n/a	328550	15611
641.7714843750	n/a	328587	14212
641.7714843750	n/a	328587	14211
642.7988281250	n/a	329113	14212
644.7031250000	n/a	330088	21111
645.3027343750	n/a	330395	21121
645.9980468750	n/a	330751	21111
646.5507812500	n/a	331034	21111
647.2304687500	n/a	331382	21201
649.9609375000	n/a	332780	21311
649.9609375000	n/a	332780	16101
650.9609375000	n/a	333292	16102
651.0625000000	n/a	333344	13002
651.0625000000	n/a	333344	13001
651.0625000000	n/a	333344	14211
652.0625000000	n/a	333856	15111
652.0878906250	n/a	333869	14212
652.0878906250	n/a	333869	14211
653.1152343750	n/a	334395	14212
653.1152343750	n/a	334395	14211
654.1406250000	n/a	334920	14212
654.1406250000	n/a	334920	14211
654.7207031250	n/a	335217	15211
655.1679687500	n/a	335446	14212
655.1679687500	n/a	335446	14111
656.1953125000	n/a	335972	14112
656.1953125000	n/a	335972	14211
657.2207031250	n/a	336497	14212
657.2207031250	n/a	336497	14211
657.3808593750	n/a	336579	15311
658.2480468750	n/a	337023	14212
658.2480468750	n/a	337023	14211
659.2734375000	n/a	337548	14212
659.2734375000	n/a	337548	14211
660.0410156250	n/a	337941	15411
660.3007812500	n/a	338074	14212
660.3007812500	n/a	338074	14211
661.3281250000	n/a	338600	14212
661.3281250000	n/a	338600	14111
662.3535156250	n/a	339125	14112
662.3535156250	n/a	339125	14211
662.7011718750	n/a	339303	15511
663.3808593750	n/a	339651	14212
663.3808593750	n/a	339651	14111
664.4082031250	n/a	340177	14112
664.4082031250	n/a	340177	14211
665.3613281250	n/a	340665	15611
665.4335937500	n/a	340702	14212
665.4335937500	n/a	340702	14211
666.4609375000	n/a	341228	14212
667.0292968750	n/a	341519	21111
667.4843750000	n/a	341752	21111
668.9414062500	n/a	342498	21111
669.7968750000	n/a	342936	21201
673.0195312500	n/a	344586	21311
673.0195312500	n/a	344586	16101
674.0195312500	n/a	345098	16102
674.1210937500	n/a	345150	13002
674.1210937500	n/a	345150	13001
674.1210937500	n/a	345150	14211
675.1210937500	n/a	345662	15111
675.1464843750	n/a	345675	14212
675.1464843750	n/a	345675	14111
676.1738281250	n/a	346201	14112
676.1738281250	n/a	346201	14211
677.1992187500	n/a	346726	14212
677.1992187500	n/a	346726	14211
677.7792968750	n/a	347023	15211
678.2265625000	n/a	347252	14212
678.2265625000	n/a	347252	14211
679.2539062500	n/a	347778	14212
679.2539062500	n/a	347778	14121
680.2792968750	n/a	348303	14122
680.2792968750	n/a	348303	14211
680.4394531250	n/a	348385	15311
681.3066406250	n/a	348829	14212
681.3066406250	n/a	348829	14211
682.3320312500	n/a	349354	14212
682.3320312500	n/a	349354	14211
683.0996093750	n/a	349747	15411
683.3593750000	n/a	349880	14212
683.3593750000	n/a	349880	14211
684.3867187500	n/a	350406	14212
684.3867187500	n/a	350406	14111
685.4121093750	n/a	350931	14112
685.4121093750	n/a	350931	14121
685.7597656250	n/a	351109	15511
686.4394531250	n/a	351457	14122
686.4394531250	n/a	351457	14211
687.4667968750	n/a	351983	14212
687.4667968750	n/a	351983	14211
688.4199218750	n/a	352471	15611
688.4921875000	n/a	352508	14212
688.4921875000	n/a	352508	14211
689.5195312500	n/a	353034	14212
690.9804687500	n/a	353782	21111
691.9648437500	n/a	354286	21111
692.9492187500	n/a	354790	21201
695.6269531250	n/a	356161	21311
695.6269531250	n/a	356161	16101
696.6269531250	n/a	356673	16102
696.7285156250	n/a	356725	13002
696.7285156250	n/a	356725	13001
696.7285156250	n/a	356725	14211
697.7285156250	n/a	357237	15111
697.7539062500	n/a	357250	14212
697.7539062500	n/a	357250	14211
698.7812500000	n/a	357776	14212
698.7812500000	n/a	357776	14211
699.8066406250	n/a	358301	14212
699.8066406250	n/a	358301	14211
700.3867187500	n/a	358598	15211
700.8339843750	n/a	358827	14212
700.8339843750	n/a	358827	14211
701.8613281250	n/a	359353	14212
701.8613281250	n/a	359353	14211
702.8867187500	n/a	359878	14212
702.8867187500	n/a	359878	14211
703.0468750000	n/a	359960	15311
703.9140625000	n/a	360404	14212
703.9140625000	n/a	360404	14111
704.9394531250	n/a	360929	14112
704.9394531250	n/a	360929	14211
705.7070312500	n/a	361322	15411
705.9667968750	n/a	361455	14212
705.9667968750	n/a	361455	14211
706.9941406250	n/a	361981	14212
706.9941406250	n/a	361981	14211
708.0195312500	n/a	362506	14212
708.0195312500	n/a	362506	14211
708.3671875000	n/a	362684	15511
709.0468750000	n/a	363032	14212
709.0468750000	n/a	363032	14211
710.0742187500	n/a	363558	14212
710.0742187500	n/a	363558	14111
711.0273437500	n/a	364046	15611
711.0996093750	n/a	364083	14112
711.0996093750	n/a	364083	14211
712.1269531250	n/a	364609	14212
713.5039062500	n/a	365314	21111
714.1035156250	n/a	365621	21111
714.8476562500	n/a	366002	21201
717.4160156250	n/a	367317	21311
717.4160156250	n/a	367317	16101
718.4160156250	n/a	367829	16102
718.5175781250	n/a	367881	13002
718.5175781250	n/a	367881	13001
718.5175781250	n/a	367881	14211
719.5175781250	n/a	368393	15111
719.5429687500	n/a	368406	14212
719.5429687500	n/a	368406	14211
720.5703125000	n/a	368932	14212
720.5703125000	n/a	368932	14211
721.5957031250	n/a	369457	14212
721.5957031250	n/a	369457	14211
722.1757812500	n/a	369754	15211
722.6230468750	n/a	369983	14212
722.6230468750	n/a	369983	14211
723.6503906250	n/a	370509	14212
723.6503906250	n/a	370509	14211
724.6757812500	n/a	371034	14212
724.6757812500	n/a	371034	14111
724.8359375000	n/a	371116	15311
725.7031250000	n/a	371560	14112
725.7031250000	n/a	371560	14211
726.7285156250	n/a	372085	14212
726.7285156250	n/a	372085	14211
727.4960937500	n/a	372478	15411
727.7558593750	n/a	372611	14212
727.7558593750	n/a	372611	14211
728.7832031250	n/a	373137	14212
728.7832031250	n/a	373137	14211
729.8085937500	n/a	373662	14212
729.8085937500	n/a	373662	14211
730.1562500000	n/a	373840	15511
730.8359375000	n/a	374188	14212
730.8359375000	n/a	374188	14111
731.8632812500	n/a	374714	14112
731.8632812500	n/a	374714	14111
732.8164062500	n/a	375202	15611
732.8886718750	n/a	375239	14112
732.8886718750	n/a	375239	14211
733.9160156250	n/a	375765	14212
735.1660156250	n/a	376405	21111
735.6152343750	n/a	376635	21111
736.0859375000	n/a	376876	21111
737.3339843750	n/a	377515	21201
740.1191406250	n/a	378941	21311
740.1191406250	n/a	378941	16101
741.1191406250	n/a	379453	16102
741.2207031250	n/a	379505	13002
741.2207031250	n/a	379505	13001
741.2207031250	n/a	379505	14111
742.2207031250	n/a	380017	15111
742.2460937500	n/a	380030	14112
742.2460937500	n/a	380030	14211
743.2734375000	n/a	380556	14212
743.2734375000	n/a	380556	14111
744.2988281250	n/a	381081	14112
744.2988281250	n/a	381081	14211
744.8789062500	n/a	381378	15211
745.3261718750	n/a	381607	14212
745.3261718750	n/a	381607	14211
746.3535156250	n/a	382133	14212
746.3535156250	n/a	382133	14211
747.3789062500	n/a	382658	14212
747.3789062500	n/a	382658	14211
747.5390625000	n/a	382740	15311
748.4062500000	n/a	383184	14212
748.4062500000	n/a	383184	14121
749.4316406250	n/a	383709	14122
749.4316406250	n/a	383709	14211
750.1992187500	n/a	384102	15411
750.4589843750	n/a	384235	14212
750.4589843750	n/a	384235	14231
751.4863281250	n/a	384761	14232
751.4863281250	n/a	384761	14211
752.5117187500	n/a	385286	14212
752.5117187500	n/a	385286	14211
752.8593750000	n/a	385464	15511
753.5390625000	n/a	385812	14212
753.5390625000	n/a	385812	14211
754.5664062500	n/a	386338	14212
754.5664062500	n/a	386338	14111
755.5195312500	n/a	386826	15611
755.5917968750	n/a	386863	14112
755.5917968750	n/a	386863	14211
756.6191406250	n/a	387389	14212
758.1640625000	n/a	388180	21111
758.6523437500	n/a	388430	21111
759.4199218750	n/a	388823	21121
760.0917968750	n/a	389167	21111
760.6933593750	n/a	389475	21201
763.3183593750	n/a	390819	21311
763.3183593750	n/a	390819	16101
764.3183593750	n/a	391331	16102
764.4199218750	n/a	391383	13002
764.4199218750	n/a	391383	13001
764.4199218750	n/a	391383	14211
765.4199218750	n/a	391895	15111
765.4453125000	n/a	391908	14212
765.4453125000	n/a	391908	14121
766.4726562500	n/a	392434	14122
766.4726562500	n/a	392434	14211
767.4980468750	n/a	392959	14212
767.4980468750	n/a	392959	14211
768.0781250000	n/a	393256	15211
768.5253906250	n/a	393485	14212
768.5253906250	n/a	393485	14211
769.5527343750	n/a	394011	14212
769.5527343750	n/a	394011	14211
770.5781250000	n/a	394536	14212
770.5781250000	n/a	394536	14211
770.7382812500	n/a	394618	15311
771.6054687500	n/a	395062	14212
771.6054687500	n/a	395062	14211
772.6308593750	n/a	395587	14212
772.6308593750	n/a	395587	14111
773.3984375000	n/a	395980	15411
773.6582031250	n/a	396113	14112
773.6582031250	n/a	396113	14111
774.6855468750	n/a	396639	14112
774.6855468750	n/a	396639	14211
775.7109375000	n/a	397164	14212
775.7109375000	n/a	397164	14211
776.0585937500	n/a	397342	15511
776.7382812500	n/a	397690	14212
776.7382812500	n/a	397690	14211
777.7656250000	n/a	398216	14212
777.7656250000	n/a	398216	14211
778.7187500000	n/a	398704	15611
778.7910156250	n/a	398741	14212
778.7910156250	n/a	398741	14111
779.8183593750	n/a	399267	14112
780.9082031250	n/a	399825	21111
781.3886718750	n/a	400071	21111
781.9394531250	n/a	400353	21111
782.7714843750	n/a	400779	21201
786.3925781250	n/a	402633	21311
786.3925781250	n/a	402633	16101
787.3925781250	n/a	403145	16102
787.4941406250	n/a	403197	13002
787.4941406250	n/a	403197	13001
787.4941406250	n/a	403197	14211
788.4941406250	n/a	403709	15111
788.5195312500	n/a	403722	14212
788.5195312500	n/a	403722	14211
789.5468750000	n/a	404248	14212
789.5468750000	n/a	404248	14211
790.5722656250	n/a	404773	14212
790.5722656250	n/a	404773	14211
791.1523437500	n/a	405070	15211
791.5996093750	n/a	405299	14212
791.5996093750	n/a	405299	14211
792.6269531250	n/a	405825	14212
792.6269531250	n/a	405825	14111
793.6523437500	n/a	406350	14112
793.6523437500	n/a	406350	14211
793.8125000000	n/a	406432	15311
794.6796875000	n/a	406876	14212
794.6796875000	n/a	406876	14211
795.7050781250	n/a	407401	14212
795.7050781250	n/a	407401	14211
796.4726562500	n/a	407794	15411
796.7324218750	n/a	407927	14212
796.7324218750	n/a	407927	14211
797.7597656250	n/a	408453	14212
797.7597656250	n/a	408453	14111
798.7851562500	n/a	408978	14112
798.7851562500	n/a	408978	14111
799.1328125000	n/a	409156	15511
799.8125000000	n/a	409504	14112
799.8125000000	n/a	409504	14211
800.8398437500	n/a	410030	14212
800.8398437500	n/a	410030	14211
801.7929687500	n/a	410518	15611
801.8652343750	n/a	410555	14212
801.8652343750	n/a	410555	14211
802.8925781250	n/a	411081	14212
804.1894531250	n/a	411745	21111
804.8945312500	n/a	412106	21111
805.7343750000	n/a	412536	21111
807.9101562500	n/a	413650	21201
812.6152343750	n/a	416059	21311
812.6152343750	n/a	416059	16101
813.6152343750	n/a	416571	16102
813.7167968750	n/a	416623	13002
813.7167968750	n/a	416623	13001
813.7167968750	n/a	416623	14211
814.7167968750	n/a	417135	15111
814.7421875000	n/a	417148	14212
814.7421875000	n/a	417148	14211
815.7695312500	n/a	417674	14212
815.7695312500	n/a	417674	14211
816.7949218750	n/a	418199	14212
816.7949218750	n/a	418199	14211
817.3750000000	n/a	418496	15211
817.8222656250	n/a	418725	14212
817.8222656250	n/a	418725	14111
818.8496093750	n/a	419251	14112
818.8496093750	n/a	419251	14211
819.8750000000	n/a	419776	14212
819.8750000000	n/a	419776	14211
820.0351562500	n/a	419858	15311
820.9023437500	n/a	420302	14212
820.9023437500	n/a	420302	14211
821.9277343750	n/a	420827	14212
821.9277343750	n/a	420827	14211
822.6953125000	n/a	421220	15411
822.9550781250	n/a	421353	14212
822.9550781250	n/a	421353	14211
823.9824218750	n/a	421879	14212
823.9824218750	n/a	421879	14211
825.0078125000	n/a	422404	14212
825.0078125000	n/a	422404	14211
825.3554687500	n/a	422582	15511
826.0351562500	n/a	422930	14212
826.0351562500	n/a	422930	14111
827.0625000000	n/a	423456	14112
827.0625000000	n/a	423456	14211
828.0156250000	n/a	423944	15611
828.0878906250	n/a	423981	14212
828.0878906250	n/a	423981	14211
829.1152343750	n/a	424507	14212
830.2988281250	n/a	425113	21111
831.0117187500	n/a	425478	21111
831.8281250000	n/a	425896	21201
834.6777343750	n/a	427355	21311
834.6777343750	n/a	427355	16101
835.6777343750	n/a	427867	16102
835.7792968750	n/a	427919	13002
835.7792968750	n/a	427919	13001
835.7792968750	n/a	427919	14111
836.7792968750	n/a	428431	15111
836.8046875000	n/a	428444	14112
836.8046875000	n/a	428444	14111
837.8320312500	n/a	428970	14112
837.8320312500	n/a	428970	14211
838.8574218750	n/a	429495	14212
838.8574218750	n/a	429495	14211
839.4375000000	n/a	429792	15211
839.8847656250	n/a	430021	14212
839.8847656250	n/a	430021	14211
840.9121093750	n/a	430547	14212
840.9121093750	n/a	430547	14211
841.9375000000	n/a	431072	14212
841.9375000000	n/a	431072	14211
842.0976562500	n/a	431154	15311
842.9648437500	n/a	431598	14212
842.9648437500	n/a	431598	14211
843.9902343750	n/a	432123	14212
843.9902343750	n/a	432123	14111
844.7578125000	n/a	432516	15411
845.0175781250	n/a	432649	14112
845.0175781250	n/a	432649	14211
846.0449218750	n/a	433175	14212
846.0449218750	n/a	433175	14211
847.0703125000	n/a	433700	14212
847.0703125000	n/a	433700	14121
847.4179687500	n/a	433878	15511
848.0976562500	n/a	434226	14122
848.0976562500	n/a	434226	14231
849.1250000000	n/a	434752	14232
849.1250000000	n/a	434752	14211
850.0781250000	n/a	435240	15611
850.1503906250	n/a	435277	14212
850.1503906250	n/a	435277	14211
851.1777343750	n/a	435803	14212
852.1972656250	n/a	436325	21111
852.8125000000	n/a	436640	21111
853.2207031250	n/a	436849	21111
853.6777343750	n/a	437083	21121
854.9570312500	n/a	437738	21201
858.4238281250	n/a	439513	21311
858.4238281250	n/a	439513	16101
859.4238281250	n/a	440025	16102
859.5253906250	n/a	440077	13002
859.5253906250	n/a	440077	12102
859.5253906250	n/a	440077	12201
859.5253906250	n/a	440077	13001
859.5253906250	n/a	440077	14211
860.5253906250	n/a	440589	15121
860.5507812500	n/a	440602	14212
860.5507812500	n/a	440602	14111
861.5781250000	n/a	441128	14112
861.5781250000	n/a	441128	14111
862.6035156250	n/a	441653	14112
862.6035156250	n/a	441653	14111
863.1835937500	n/a	441950	15221
863.6308593750	n/a	442179	14112
863.6308593750	n/a	442179	14211
864.6582031250	n/a	442705	14212
864.6582031250	n/a	442705	14211
865.6835937500	n/a	443230	14212
865.6835937500	n/a	443230	14211
865.8437500000	n/a	443312	15321
866.7109375000	n/a	443756	14212
866.7109375000	n/a	443756	14211
867.7363281250	n/a	444281	14212
867.7363281250	n/a	444281	14211
868.5039062500	n/a	444674	15421
868.7636718750	n/a	444807	14212
868.7636718750	n/a	444807	14211
869.7910156250	n/a	445333	14212
869.7910156250	n/a	445333	14211
870.8164062500	n/a	445858	14212
870.8164062500	n/a	445858	14211
871.1640625000	n/a	446036	15521
871.8437500000	n/a	446384	14212
871.8437500000	n/a	446384	14211
872.8710937500	n/a	446910	14212
872.8710937500	n/a	446910	14211
873.8242187500	n/a	447398	15621
873.8964843750	n/a	447435	14212
873.8964843750	n/a	447435	14211
874.9238281250	n/a	447961	14212
875.9101562500	n/a	448466	21111
876.7109375000	n/a	448876	21111
877.1503906250	n/a	449101	21111
878.0136718750	n/a	449543	21201
878.0136718750	n/a	449543	13002
879.2070312500	n/a	450154	13001
879.2070312500	n/a	450154	14211
880.2070312500	n/a	450666	15121
880.2324218750	n/a	450679	14212
880.2324218750	n/a	450679	14211
881.2597656250	n/a	451205	14212
881.2597656250	n/a	451205	14121
882.2851562500	n/a	451730	14122
882.2851562500	n/a	451730	14211
882.8652343750	n/a	452027	15221
883.3125000000	n/a	452256	14212
883.3125000000	n/a	452256	14231
884.3398437500	n/a	452782	14232
884.3398437500	n/a	452782	14211
885.3652343750	n/a	453307	14212
885.3652343750	n/a	453307	14211
885.5253906250	n/a	453389	15321
886.3925781250	n/a	453833	14212
886.3925781250	n/a	453833	14211
887.4179687500	n/a	454358	14212
887.4179687500	n/a	454358	14211
888.1855468750	n/a	454751	15421
888.4453125000	n/a	454884	14212
888.4453125000	n/a	454884	14111
889.4726562500	n/a	455410	14112
889.4726562500	n/a	455410	14211
890.4980468750	n/a	455935	14212
890.4980468750	n/a	455935	14211
890.8457031250	n/a	456113	15521
891.5253906250	n/a	456461	14212
891.5253906250	n/a	456461	14211
892.5527343750	n/a	456987	14212
892.5527343750	n/a	456987	14111
893.5058593750	n/a	457475	15621
893.5781250000	n/a	457512	14112
893.5781250000	n/a	457512	14211
894.6054687500	n/a	458038	14212
896.4453125000	n/a	458980	21111
897.0214843750	n/a	459275	21111
897.5332031250	n/a	459537	21121
898.1562500000	n/a	459856	21201
898.1562500000	n/a	459856	13002
899.4023437500	n/a	460494	13001
899.4023437500	n/a	460494	14111
900.4023437500	n/a	461006	15121
900.4277343750	n/a	461019	14112
900.4277343750	n/a	461019	14211
901.4550781250	n/a	461545	14212
901.4550781250	n/a	461545	14111
902.4804687500	n/a	462070	14112
902.4804687500	n/a	462070	14211
903.0605468750	n/a	462367	15221
903.5078125000	n/a	462596	14212
903.5078125000	n/a	462596	14211
904.5351562500	n/a	463122	14212
904.5351562500	n/a	463122	14211
905.5605468750	n/a	463647	14212
905.5605468750	n/a	463647	14211
905.7207031250	n/a	463729	15321
906.5878906250	n/a	464173	14212
906.5878906250	n/a	464173	14211
907.6132812500	n/a	464698	14212
907.6132812500	n/a	464698	14211
908.3808593750	n/a	465091	15421
908.6406250000	n/a	465224	14212
908.6406250000	n/a	465224	14211
909.6679687500	n/a	465750	14212
909.6679687500	n/a	465750	14111
910.6933593750	n/a	466275	14112
910.6933593750	n/a	466275	14211
911.0410156250	n/a	466453	15521
911.7207031250	n/a	466801	14212
911.7207031250	n/a	466801	14211
912.7480468750	n/a	467327	14212
912.7480468750	n/a	467327	14211
913.7011718750	n/a	467815	15621
913.7734375000	n/a	467852	14212
913.7734375000	n/a	467852	14211
914.8007812500	n/a	468378	14212
916.7050781250	n/a	469353	21111
917.2089843750	n/a	469611	21111
918.0644531250	n/a	470049	21111
918.8417968750	n/a	470447	21201
918.8417968750	n/a	470447	13002
920.0546875000	n/a	471068	13001
920.0546875000	n/a	471068	14211
921.0546875000	n/a	471580	15121
921.0800781250	n/a	471593	14212
921.0800781250	n/a	471593	14211
922.1074218750	n/a	472119	14212
922.1074218750	n/a	472119	14211
923.1328125000	n/a	472644	14212
923.1328125000	n/a	472644	14211
923.7128906250	n/a	472941	15221
924.1601562500	n/a	473170	14212
924.1601562500	n/a	473170	14211
925.1875000000	n/a	473696	14212
925.1875000000	n/a	473696	14211
926.2128906250	n/a	474221	14212
926.2128906250	n/a	474221	14111
926.3730468750	n/a	474303	15321
927.2402343750	n/a	474747	14112
927.2402343750	n/a	474747	14111
928.2656250000	n/a	475272	14112
928.2656250000	n/a	475272	14211
929.0332031250	n/a	475665	15421
929.2929687500	n/a	475798	14212
929.2929687500	n/a	475798	14211
930.3203125000	n/a	476324	14212
930.3203125000	n/a	476324	14211
931.3457031250	n/a	476849	14212
931.3457031250	n/a	476849	14211
931.6933593750	n/a	477027	15521
932.3730468750	n/a	477375	14212
932.3730468750	n/a	477375	14211
933.4003906250	n/a	477901	14212
933.4003906250	n/a	477901	14211
934.3535156250	n/a	478389	15621
934.4257812500	n/a	478426	14212
934.4257812500	n/a	478426	14211
935.4531250000	n/a	478952	14212
936.5859375000	n/a	479532	21111
937.2109375000	n/a	479852	21111
938.0742187500	n/a	480294	21201
938.0742187500	n/a	480294	13002
939.3027343750	n/a	480923	13001
939.3027343750	n/a	480923	14211
940.3027343750	n/a	481435	15121
940.3281250000	n/a	481448	14212
940.3281250000	n/a	481448	14211
941.3554687500	n/a	481974	14212
941.3554687500	n/a	481974	14111
942.3808593750	n/a	482499	14112
942.3808593750	n/a	482499	14211
942.9609375000	n/a	482796	15221
943.4082031250	n/a	483025	14212
943.4082031250	n/a	483025	14211
944.4355468750	n/a	483551	14212
944.4355468750	n/a	483551	14211
945.4609375000	n/a	484076	14212
945.4609375000	n/a	484076	14211
945.6210937500	n/a	484158	15321
946.4882812500	n/a	484602	14212
946.4882812500	n/a	484602	14211
947.5136718750	n/a	485127	14212
947.5136718750	n/a	485127	14211
948.2812500000	n/a	485520	15421
948.5410156250	n/a	485653	14212
948.5410156250	n/a	485653	14111
949.5683593750	n/a	486179	14112
949.5683593750	n/a	486179	14111
950.5937500000	n/a	486704	14112
950.5937500000	n/a	486704	14211
950.9414062500	n/a	486882	15521
951.6210937500	n/a	487230	14212
951.6210937500	n/a	487230	14211
952.6484375000	n/a	487756	14212
952.6484375000	n/a	487756	14111
953.6015625000	n/a	488244	15621
953.6738281250	n/a	488281	14112
953.6738281250	n/a	488281	14211
954.7011718750	n/a	488807	14212
955.4843750000	n/a	489208	21111
955.9492187500	n/a	489446	21111
956.5722656250	n/a	489765	21111
957.2207031250	n/a	490097	21111
958.1816406250	n/a	490589	21201
958.1816406250	n/a	490589	13002
959.3750000000	n/a	491200	13001
959.3750000000	n/a	491200	14211
960.3750000000	n/a	491712	15121
960.4003906250	n/a	491725	14212
960.4003906250	n/a	491725	14211
961.4277343750	n/a	492251	14212
961.4277343750	n/a	492251	14211
962.4531250000	n/a	492776	14212
962.4531250000	n/a	492776	14211
963.0332031250	n/a	493073	15221
963.4804687500	n/a	493302	14212
963.4804687500	n/a	493302	14121
964.5078125000	n/a	493828	14122
964.5078125000	n/a	493828	14121
965.5332031250	n/a	494353	14122
965.5332031250	n/a	494353	14211
965.6933593750	n/a	494435	15321
966.5605468750	n/a	494879	14212
966.5605468750	n/a	494879	14231
967.5859375000	n/a	495404	14232
967.5859375000	n/a	495404	14111
968.3535156250	n/a	495797	15421
968.6132812500	n/a	495930	14112
968.6132812500	n/a	495930	14211
969.6406250000	n/a	496456	14212
969.6406250000	n/a	496456	14231
970.6660156250	n/a	496981	14232
970.6660156250	n/a	496981	14211
971.0136718750	n/a	497159	15521
971.6933593750	n/a	497507	14212
971.6933593750	n/a	497507	14111
972.7207031250	n/a	498033	14112
972.7207031250	n/a	498033	14211
973.6738281250	n/a	498521	15621
973.7460937500	n/a	498558	14212
973.7460937500	n/a	498558	14211
974.7734375000	n/a	499084	14212
975.3046875000	n/a	499356	21121
975.8417968750	n/a	499631	21111
976.5605468750	n/a	499999	21111
977.2812500000	n/a	500368	21121
978.2890625000	n/a	500884	21201
978.2890625000	n/a	500884	13002
979.5039062500	n/a	501506	13001
979.5039062500	n/a	501506	14121
980.5039062500	n/a	502018	15121
980.5292968750	n/a	502031	14122
980.5292968750	n/a	502031	14231
981.5566406250	n/a	502557	14232
981.5566406250	n/a	502557	14211
982.5820312500	n/a	503082	14212
982.5820312500	n/a	503082	14111
983.1621093750	n/a	503379	15221
983.6093750000	n/a	503608	14112
983.6093750000	n/a	503608	14211
984.6367187500	n/a	504134	14212
984.6367187500	n/a	504134	14211
985.6621093750	n/a	504659	14212
985.6621093750	n/a	504659	14211
985.8222656250	n/a	504741	15321
986.6894531250	n/a	505185	14212
986.6894531250	n/a	505185	14211
987.7148437500	n/a	505710	14212
987.7148437500	n/a	505710	14211
988.4824218750	n/a	506103	15421
988.7421875000	n/a	506236	14212
988.7421875000	n/a	506236	14211
989.7695312500	n/a	506762	14212
989.7695312500	n/a	506762	14211
990.7949218750	n/a	507287	14212
990.7949218750	n/a	507287	14211
991.1425781250	n/a	507465	15521
991.8222656250	n/a	507813	14212
991.8222656250	n/a	507813	14211
992.8496093750	n/a	508339	14212
992.8496093750	n/a	508339	14211
993.8027343750	n/a	508827	15621
993.8750000000	n/a	508864	14212
993.8750000000	n/a	508864	14211
994.9023437500	n/a	509390	14212
997.6425781250	n/a	510793	21121
998.3710937500	n/a	511166	21111
999.2910156250	n/a	511637	21201
999.2910156250	n/a	511637	13002
1000.5175781250	n/a	512265	13001
1000.5175781250	n/a	512265	14211
1001.5175781250	n/a	512777	15121
1001.5429687500	n/a	512790	14212
1001.5429687500	n/a	512790	14211
1002.5703125000	n/a	513316	14212
1002.5703125000	n/a	513316	14211
1003.5957031250	n/a	513841	14212
1003.5957031250	n/a	513841	14211
1004.1757812500	n/a	514138	15221
1004.6230468750	n/a	514367	14212
1004.6230468750	n/a	514367	14211
1005.6503906250	n/a	514893	14212
1005.6503906250	n/a	514893	14211
1006.6757812500	n/a	515418	14212
1006.6757812500	n/a	515418	14211
1006.8359375000	n/a	515500	15321
1007.7031250000	n/a	515944	14212
1007.7031250000	n/a	515944	14111
1008.7285156250	n/a	516469	14112
1008.7285156250	n/a	516469	14211
1009.4960937500	n/a	516862	15421
1009.7558593750	n/a	516995	14212
1009.7558593750	n/a	516995	14211
1010.7832031250	n/a	517521	14212
1010.7832031250	n/a	517521	14211
1011.8085937500	n/a	518046	14212
1011.8085937500	n/a	518046	14211
1012.1562500000	n/a	518224	15521
1012.8359375000	n/a	518572	14212
1012.8359375000	n/a	518572	14111
1013.8632812500	n/a	519098	14112
1013.8632812500	n/a	519098	14211
1014.8164062500	n/a	519586	15621
1014.8886718750	n/a	519623	14212
1014.8886718750	n/a	519623	14111
1015.9160156250	n/a	520149	14112
1017.2304687500	n/a	520822	21111
1017.7832031250	n/a	521105	21111
1018.4707031250	n/a	521457	21111
1019.3750000000	n/a	521920	21201
1019.3750000000	n/a	521920	13002
1020.5859375000	n/a	522540	13001
1020.5859375000	n/a	522540	14211
1021.5859375000	n/a	523052	15121
1021.6113281250	n/a	523065	14212
1021.6113281250	n/a	523065	14211
1022.6386718750	n/a	523591	14212
1022.6386718750	n/a	523591	14211
1023.6640625000	n/a	524116	14212
1023.6640625000	n/a	524116	14111
1024.2441406250	n/a	524413	15221
1024.6914062500	n/a	524642	14112
1024.6914062500	n/a	524642	14211
1025.7187500000	n/a	525168	14212
1025.7187500000	n/a	525168	14211
1026.7441406250	n/a	525693	14212
1026.7441406250	n/a	525693	14211
1026.9042968750	n/a	525775	15321
1027.7714843750	n/a	526219	14212
1027.7714843750	n/a	526219	14211
1028.7968750000	n/a	526744	14212
1028.7968750000	n/a	526744	14211
1029.5644531250	n/a	527137	15421
1029.8242187500	n/a	527270	14212
1029.8242187500	n/a	527270	14211
1030.8515625000	n/a	527796	14212
1030.8515625000	n/a	527796	14211
1031.8769531250	n/a	528321	14212
1031.8769531250	n/a	528321	14211
1032.2246093750	n/a	528499	15521
1032.9042968750	n/a	528847	14212
1032.9042968750	n/a	528847	14111
1033.9316406250	n/a	529373	14112
1033.9316406250	n/a	529373	14211
1034.8847656250	n/a	529861	15621
1034.9570312500	n/a	529898	14212
1034.9570312500	n/a	529898	14211
1035.9843750000	n/a	530424	14212
1038.6308593750	n/a	531779	21111
1039.4238281250	n/a	532185	21111
1040.3437500000	n/a	532656	21201
1040.3437500000	n/a	532656	13002
1041.5585937500	n/a	533278	13001
1041.5585937500	n/a	533278	14211
1042.5585937500	n/a	533790	15121
1042.5839843750	n/a	533803	14212
1042.5839843750	n/a	533803	14111
1043.6113281250	n/a	534329	14112
1043.6113281250	n/a	534329	14211
1044.6367187500	n/a	534854	14212
1044.6367187500	n/a	534854	14211
1045.2167968750	n/a	535151	15221
1045.6640625000	n/a	535380	14212
1045.6640625000	n/a	535380	14211
1046.6914062500	n/a	535906	14212
1046.6914062500	n/a	535906	14211
1047.7167968750	n/a	536431	14212
1047.7167968750	n/a	536431	14211
1047.8769531250	n/a	536513	15321
1048.7441406250	n/a	536957	14212
1048.7441406250	n/a	536957	14211
1049.7695312500	n/a	537482	14212
1049.7695312500	n/a	537482	14211
1050.5371093750	n/a	537875	15421
1050.7968750000	n/a	538008	14212
1050.7968750000	n/a	538008	14111
1051.8242187500	n/a	538534	14112
1051.8242187500	n/a	538534	14111
1052.8496093750	n/a	539059	14112
1052.8496093750	n/a	539059	14111
1053.1972656250	n/a	539237	15521
1053.8769531250	n/a	539585	14112
1053.8769531250	n/a	539585	14211
1054.9042968750	n/a	540111	14212
1054.9042968750	n/a	540111	14211
1055.8574218750	n/a	540599	15621
1055.9296875000	n/a	540636	14212
1055.9296875000	n/a	540636	14211
1056.9570312500	n/a	541162	14212
1057.6484375000	n/a	541516	21111
1058.0722656250	n/a	541733	21111
1058.7929687500	n/a	542102	21111
1059.7773437500	n/a	542606	21111
1060.6406250000	n/a	543048	21201
1060.6406250000	n/a	543048	13002
1061.8515625000	n/a	543668	13001
1061.8515625000	n/a	543668	14111
1062.8515625000	n/a	544180	15121
1062.8769531250	n/a	544193	14112
1062.8769531250	n/a	544193	14111
1063.9042968750	n/a	544719	14112
1063.9042968750	n/a	544719	14211
1064.9296875000	n/a	545244	14212
1064.9296875000	n/a	545244	14211
1065.5097656250	n/a	545541	15221
1065.9570312500	n/a	545770	14212
1065.9570312500	n/a	545770	14211
1066.9843750000	n/a	546296	14212
1066.9843750000	n/a	546296	14211
1068.0097656250	n/a	546821	14212
1068.0097656250	n/a	546821	14211
1068.1699218750	n/a	546903	15321
1069.0371093750	n/a	547347	14212
1069.0371093750	n/a	547347	14211
1070.0625000000	n/a	547872	14212
1070.0625000000	n/a	547872	14211
1070.8300781250	n/a	548265	15421
1071.0898437500	n/a	548398	14212
1071.0898437500	n/a	548398	14111
1072.1171875000	n/a	548924	14112
1072.1171875000	n/a	548924	14211
1073.1425781250	n/a	549449	14212
1073.1425781250	n/a	549449	14211
1073.4902343750	n/a	549627	15521
1074.1699218750	n/a	549975	14212
1074.1699218750	n/a	549975	14211
1075.1972656250	n/a	550501	14212
1075.1972656250	n/a	550501	14211
1076.1503906250	n/a	550989	15621
1076.2226562500	n/a	551026	14212
1076.2226562500	n/a	551026	14211
1077.2500000000	n/a	551552	14212
1078.1582031250	n/a	552017	21111
1079.5273437500	n/a	552718	21111
1079.9980468750	n/a	552959	21111
1080.7187500000	n/a	553328	21201
1080.7187500000	n/a	553328	13002
1080.7187500000	n/a	553328	12202
1085.3437500000	n/a	555696	12101
1085.3437500000	n/a	555696	13001
1085.3437500000	n/a	555696	14211
1086.3437500000	n/a	556208	15111
1086.3691406250	n/a	556221	14212
1086.3691406250	n/a	556221	14211
1087.3964843750	n/a	556747	14212
1087.3964843750	n/a	556747	14111
1088.4218750000	n/a	557272	14112
1088.4218750000	n/a	557272	14211
1089.0019531250	n/a	557569	15211
1089.4492187500	n/a	557798	14212
1089.4492187500	n/a	557798	14211
1090.4765625000	n/a	558324	14212
1090.4765625000	n/a	558324	14211
1091.5019531250	n/a	558849	14212
1091.5019531250	n/a	558849	14211
1091.6621093750	n/a	558931	15311
1092.5292968750	n/a	559375	14212
1092.5292968750	n/a	559375	14211
1093.5546875000	n/a	559900	14212
1093.5546875000	n/a	559900	14211
1094.3222656250	n/a	560293	15411
1094.5820312500	n/a	560426	14212
1094.5820312500	n/a	560426	14111
1095.6093750000	n/a	560952	14112
1095.6093750000	n/a	560952	14211
1096.6347656250	n/a	561477	14212
1096.6347656250	n/a	561477	14211
1096.9824218750	n/a	561655	15511
1097.6621093750	n/a	562003	14212
1097.6621093750	n/a	562003	14211
1098.6894531250	n/a	562529	14212
1098.6894531250	n/a	562529	14211
1099.6425781250	n/a	563017	15611
1099.7148437500	n/a	563054	14212
1099.7148437500	n/a	563054	14211
1100.7421875000	n/a	563580	14212
1101.2207031250	n/a	563825	21111
1101.9335937500	n/a	564190	21111
1104.2363281250	n/a	565369	21201
1107.1210937500	n/a	566846	21311
1107.1210937500	n/a	566846	16101
1108.1210937500	n/a	567358	16102
1108.2226562500	n/a	567410	13002
1108.2226562500	n/a	567410	13001
1108.2226562500	n/a	567410	14211
1109.2226562500	n/a	567922	15111
1109.2480468750	n/a	567935	14212
1109.2480468750	n/a	567935	14211
1110.2753906250	n/a	568461	14212
1110.2753906250	n/a	568461	14211
1111.3007812500	n/a	568986	14212
1111.3007812500	n/a	568986	14211
1111.8808593750	n/a	569283	15211
1112.3281250000	n/a	569512	14212
1112.3281250000	n/a	569512	14111
1113.3554687500	n/a	570038	14112
1113.3554687500	n/a	570038	14211
1114.3808593750	n/a	570563	14212
1114.3808593750	n/a	570563	14111
1114.5410156250	n/a	570645	15311
1115.4082031250	n/a	571089	14112
1115.4082031250	n/a	571089	14211
1116.4335937500	n/a	571614	14212
1116.4335937500	n/a	571614	14211
1117.2011718750	n/a	572007	15411
1117.4609375000	n/a	572140	14212
1117.4609375000	n/a	572140	14211
1118.4882812500	n/a	572666	14212
1118.4882812500	n/a	572666	14111
1119.5136718750	n/a	573191	14112
1119.5136718750	n/a	573191	14211
1119.8613281250	n/a	573369	15511
1120.5410156250	n/a	573717	14212
1120.5410156250	n/a	573717	14211
1121.5683593750	n/a	574243	14212
1121.5683593750	n/a	574243	14211
1122.5214843750	n/a	574731	15611
1122.5937500000	n/a	574768	14212
1122.5937500000	n/a	574768	14211
1123.6210937500	n/a	575294	14212
1124.1562500000	n/a	575568	21111
1125.1015625000	n/a	576052	21111
1125.5644531250	n/a	576289	21111
1126.5488281250	n/a	576793	21201
1129.2304687500	n/a	578166	21311
1129.2304687500	n/a	578166	16101
1130.2304687500	n/a	578678	16102
1130.3320312500	n/a	578730	13002
1130.3320312500	n/a	578730	13001
1130.3320312500	n/a	578730	14211
1131.3320312500	n/a	579242	15111
1131.3574218750	n/a	579255	14212
1131.3574218750	n/a	579255	14211
1132.3847656250	n/a	579781	14212
1132.3847656250	n/a	579781	14211
1133.4101562500	n/a	580306	14212
1133.4101562500	n/a	580306	14211
1133.9902343750	n/a	580603	15211
1134.4375000000	n/a	580832	14212
1134.4375000000	n/a	580832	14211
1135.4648437500	n/a	581358	14212
1135.4648437500	n/a	581358	14211
1136.4902343750	n/a	581883	14212
1136.4902343750	n/a	581883	14111
1136.6503906250	n/a	581965	15311
1137.5175781250	n/a	582409	14112
1137.5175781250	n/a	582409	14211
1138.5429687500	n/a	582934	14212
1138.5429687500	n/a	582934	14211
1139.3105468750	n/a	583327	15411
1139.5703125000	n/a	583460	14212
1139.5703125000	n/a	583460	14211
1140.5976562500	n/a	583986	14212
1140.5976562500	n/a	583986	14211
1141.6230468750	n/a	584511	14212
1141.6230468750	n/a	584511	14111
1141.9707031250	n/a	584689	15511
1142.6503906250	n/a	585037	14112
1142.6503906250	n/a	585037	14211
1143.6777343750	n/a	585563	14212
1143.6777343750	n/a	585563	14211
1144.6308593750	n/a	586051	15611
1144.7031250000	n/a	586088	14212
1144.7031250000	n/a	586088	14211
1145.7304687500	n/a	586614	14212
1146.9140625000	n/a	587220	21111
1147.7460937500	n/a	587646	21111
1149.0820312500	n/a	588330	21201
1152.1582031250	n/a	589905	21311
1152.1582031250	n/a	589905	16101
1153.1582031250	n/a	590417	16102
1153.2597656250	n/a	590469	13002
1153.2597656250	n/a	590469	13001
1153.2597656250	n/a	590469	14211
1154.2597656250	n/a	590981	15111
1154.2851562500	n/a	590994	14212
1154.2851562500	n/a	590994	14211
1155.3125000000	n/a	591520	14212
1155.3125000000	n/a	591520	14111
1156.3378906250	n/a	592045	14112
1156.3378906250	n/a	592045	14111
1156.9179687500	n/a	592342	15211
1157.3652343750	n/a	592571	14112
1157.3652343750	n/a	592571	14211
1158.3925781250	n/a	593097	14212
1158.3925781250	n/a	593097	14211
1159.4179687500	n/a	593622	14212
1159.4179687500	n/a	593622	14111
1159.5781250000	n/a	593704	15311
1160.4453125000	n/a	594148	14112
1160.4453125000	n/a	594148	14211
1161.4707031250	n/a	594673	14212
1161.4707031250	n/a	594673	14211
1162.2382812500	n/a	595066	15411
1162.4980468750	n/a	595199	14212
1162.4980468750	n/a	595199	14111
1163.5253906250	n/a	595725	14112
1163.5253906250	n/a	595725	14211
1164.5507812500	n/a	596250	14212
1164.5507812500	n/a	596250	14211
1164.8984375000	n/a	596428	15511
1165.5781250000	n/a	596776	14212
1165.5781250000	n/a	596776	14211
1166.6054687500	n/a	597302	14212
1166.6054687500	n/a	597302	14211
1167.5585937500	n/a	597790	15611
1167.6308593750	n/a	597827	14212
1167.6308593750	n/a	597827	14211
1168.6582031250	n/a	598353	14212
1169.3769531250	n/a	598721	21111
1170.1933593750	n/a	599139	21111
1170.6972656250	n/a	599397	21111
1171.2187500000	n/a	599664	21111
1172.4492187500	n/a	600294	21201
1175.1679687500	n/a	601686	21311
1175.1679687500	n/a	601686	16101
1176.1679687500	n/a	602198	16102
1176.2695312500	n/a	602250	13002
1176.2695312500	n/a	602250	13001
1176.2695312500	n/a	602250	14111
1177.2695312500	n/a	602762	15111
1177.2949218750	n/a	602775	14112
1177.2949218750	n/a	602775	14211
1178.3222656250	n/a	603301	14212
1178.3222656250	n/a	603301	14211
1179.3476562500	n/a	603826	14212
1179.3476562500	n/a	603826	14211
1179.9277343750	n/a	604123	15211
1180.3750000000	n/a	604352	14212
1180.3750000000	n/a	604352	14211
1181.4023437500	n/a	604878	14212
1181.4023437500	n/a	604878	14211
1182.4277343750	n/a	605403	14212
1182.4277343750	n/a	605403	14211
1182.5878906250	n/a	605485	15311
1183.4550781250	n/a	605929	14212
1183.4550781250	n/a	605929	14211
1184.4804687500	n/a	606454	14212
1184.4804687500	n/a	606454	14211
1185.2480468750	n/a	606847	15411
1185.5078125000	n/a	606980	14212
1185.5078125000	n/a	606980	14211
1186.5351562500	n/a	607506	14212
1186.5351562500	n/a	607506	14111
1187.5605468750	n/a	608031	14112
1187.5605468750	n/a	608031	14211
1187.9082031250	n/a	608209	15511
1188.5878906250	n/a	608557	14212
1188.5878906250	n/a	608557	14211
1189.6152343750	n/a	609083	14212
1189.6152343750	n/a	609083	14111
1190.5683593750	n/a	609571	15611
1190.6406250000	n/a	609608	14112
1190.6406250000	n/a	609608	14211
1191.6679687500	n/a	610134	14212
1193.2070312500	n/a	610922	21111
1193.7753906250	n/a	611213	21111
1194.3750000000	n/a	611520	21111
1195.9335937500	n/a	612318	21201
1198.5097656250	n/a	613637	21311
1198.5097656250	n/a	613637	16101
1199.5097656250	n/a	614149	16102
1199.6113281250	n/a	614201	13002
1199.6113281250	n/a	614201	13001
1199.6113281250	n/a	614201	14111
1200.6113281250	n/a	614713	15111
1200.6367187500	n/a	614726	14112
1200.6367187500	n/a	614726	14211
1201.6640625000	n/a	615252	14212
1201.6640625000	n/a	615252	14231
1202.6894531250	n/a	615777	14232
1202.6894531250	n/a	615777	14211
1203.2695312500	n/a	616074	15211
1203.7167968750	n/a	616303	14212
1203.7167968750	n/a	616303	14111
1204.7441406250	n/a	616829	14112
1204.7441406250	n/a	616829	14211
1205.7695312500	n/a	617354	14212
1205.7695312500	n/a	617354	14121
1205.9296875000	n/a	617436	15311
1206.7968750000	n/a	617880	14122
1206.7968750000	n/a	617880	14211
1207.8222656250	n/a	618405	14212
1207.8222656250	n/a	618405	14211
1208.5898437500	n/a	618798	15411
1208.8496093750	n/a	618931	14212
1208.8496093750	n/a	618931	14211
1209.8769531250	n/a	619457	14212
1209.8769531250	n/a	619457	14211
1210.9023437500	n/a	619982	14212
1210.9023437500	n/a	619982	14211
1211.2500000000	n/a	620160	15511
1211.9296875000	n/a	620508	14212
1211.9296875000	n/a	620508	14211
1212.9570312500	n/a	621034	14212
1212.9570312500	n/a	621034	14111
1213.9101562500	n/a	621522	15611
1213.9824218750	n/a	621559	14112
1213.9824218750	n/a	621559	14211
1215.0097656250	n/a	622085	14212
1215.6621093750	n/a	622419	21111
1216.5410156250	n/a	622869	21121
1217.1191406250	n/a	623165	21111
1217.7031250000	n/a	623464	21111
1218.5507812500	n/a	623898	21201
1221.4062500000	n/a	625360	21311
1221.4062500000	n/a	625360	16101
1222.4062500000	n/a	625872	16102
1222.5078125000	n/a	625924	13002
1222.5078125000	n/a	625924	13001
1222.5078125000	n/a	625924	14211
1223.5078125000	n/a	626436	15111
1223.5332031250	n/a	626449	14212
1223.5332031250	n/a	626449	14211
1224.5605468750	n/a	626975	14212
1224.5605468750	n/a	626975	14111
1225.5859375000	n/a	627500	14112
1225.5859375000	n/a	627500	14211
1226.1660156250	n/a	627797	15211
1226.6132812500	n/a	628026	14212
1226.6132812500	n/a	628026	14211
1227.6406250000	n/a	628552	14212
1227.6406250000	n/a	628552	14121
1228.6660156250	n/a	629077	14122
1228.6660156250	n/a	629077	14211
1228.8261718750	n/a	629159	15311
1229.6933593750	n/a	629603	14212
1229.6933593750	n/a	629603	14111
1230.7187500000	n/a	630128	14112
1230.7187500000	n/a	630128	14211
1231.4863281250	n/a	630521	15411
1231.7460937500	n/a	630654	14212
1231.7460937500	n/a	630654	14211
1232.7734375000	n/a	631180	14212
1232.7734375000	n/a	631180	14211
1233.7988281250	n/a	631705	14212
1233.7988281250	n/a	631705	14211
1234.1464843750	n/a	631883	15511
1234.8261718750	n/a	632231	14212
1234.8261718750	n/a	632231	14211
1235.8535156250	n/a	632757	14212
1235.8535156250	n/a	632757	14211
1236.8066406250	n/a	633245	15611
1236.8789062500	n/a	633282	14212
1236.8789062500	n/a	633282	14211
1237.9062500000	n/a	633808	14212
1239.1328125000	n/a	634436	21111
1240.0195312500	n/a	634890	21111
1241.9804687500	n/a	635894	21201
1250.2558593750	n/a	640131	21321
1250.2558593750	n/a	640131	16201
1251.2558593750	n/a	640643	16202
1251.3574218750	n/a	640695	13002
1251.3574218750	n/a	640695	13001
1251.3574218750	n/a	640695	14211
1252.3574218750	n/a	641207	15111
1252.3828125000	n/a	641220	14212
1252.3828125000	n/a	641220	14111
1253.4101562500	n/a	641746	14112
1253.4101562500	n/a	641746	14111
1254.4355468750	n/a	642271	14112
1254.4355468750	n/a	642271	14211
1255.0156250000	n/a	642568	15211
1255.4628906250	n/a	642797	14212
1255.4628906250	n/a	642797	14211
1256.4902343750	n/a	643323	14212
1256.4902343750	n/a	643323	14211
1257.5156250000	n/a	643848	14212
1257.5156250000	n/a	643848	14211
1257.6757812500	n/a	643930	15311
1258.5429687500	n/a	644374	14212
1258.5429687500	n/a	644374	14211
1259.5683593750	n/a	644899	14212
1259.5683593750	n/a	644899	14211
1260.3359375000	n/a	645292	15411
1260.5957031250	n/a	645425	14212
1260.5957031250	n/a	645425	14211
1261.6230468750	n/a	645951	14212
1261.6230468750	n/a	645951	14211
1262.6484375000	n/a	646476	14212
1262.6484375000	n/a	646476	14211
1262.9960937500	n/a	646654	15511
1263.6757812500	n/a	647002	14212
1263.6757812500	n/a	647002	14211
1264.7031250000	n/a	647528	14212
1264.7031250000	n/a	647528	14211
1265.6562500000	n/a	648016	15611
1265.7285156250	n/a	648053	14212
1265.7285156250	n/a	648053	14211
1266.7558593750	n/a	648579	14212
1267.9726562500	n/a	649202	21111
1268.6835937500	n/a	649566	21111
1269.6933593750	n/a	650083	21201
1272.3652343750	n/a	651451	21311
1272.3652343750	n/a	651451	16101
1273.3652343750	n/a	651963	16102
1273.4667968750	n/a	652015	13002
1273.4667968750	n/a	652015	13001
1273.4667968750	n/a	652015	14211
1274.4667968750	n/a	652527	15111
1274.4921875000	n/a	652540	14212
1274.4921875000	n/a	652540	14111
1275.5195312500	n/a	653066	14112
1275.5195312500	n/a	653066	14211
1276.5449218750	n/a	653591	14212
1276.5449218750	n/a	653591	14111
1277.1250000000	n/a	653888	15211
1277.5722656250	n/a	654117	14112
1277.5722656250	n/a	654117	14211
1278.5996093750	n/a	654643	14212
1278.5996093750	n/a	654643	14211
1279.6250000000	n/a	655168	14212
1279.6250000000	n/a	655168	14211
1279.7851562500	n/a	655250	15311
1280.6523437500	n/a	655694	14212
1280.6523437500	n/a	655694	14211
1281.6777343750	n/a	656219	14212
1281.6777343750	n/a	656219	14211
1282.4453125000	n/a	656612	15411
1282.7050781250	n/a	656745	14212
1282.7050781250	n/a	656745	14211
1283.7324218750	n/a	657271	14212
1283.7324218750	n/a	657271	14211
1284.7578125000	n/a	657796	14212
1284.7578125000	n/a	657796	14211
1285.1054687500	n/a	657974	15511
1285.7851562500	n/a	658322	14212
1285.7851562500	n/a	658322	14211
1286.8125000000	n/a	658848	14212
1286.8125000000	n/a	658848	14211
1287.7656250000	n/a	659336	15611
1287.8378906250	n/a	659373	14212
1287.8378906250	n/a	659373	14211
1288.8652343750	n/a	659899	14212
1290.2285156250	n/a	660597	21111
1292.3964843750	n/a	661707	21111
1293.3652343750	n/a	662203	21201
1297.6113281250	n/a	664377	21311
1297.6113281250	n/a	664377	16101
1298.6113281250	n/a	664889	16102
1298.7128906250	n/a	664941	13002
1298.7128906250	n/a	664941	13001
1298.7128906250	n/a	664941	14211
1299.7128906250	n/a	665453	15111
1299.7382812500	n/a	665466	14212
1299.7382812500	n/a	665466	14211
1300.7656250000	n/a	665992	14212
1300.7656250000	n/a	665992	14111
1301.7910156250	n/a	666517	14112
1301.7910156250	n/a	666517	14111
1302.3710937500	n/a	666814	15211
1302.8183593750	n/a	667043	14112
1302.8183593750	n/a	667043	14111
1303.8457031250	n/a	667569	14112
1303.8457031250	n/a	667569	14211
1304.8710937500	n/a	668094	14212
1304.8710937500	n/a	668094	14211
1305.0312500000	n/a	668176	15311
1305.8984375000	n/a	668620	14212
1305.8984375000	n/a	668620	14211
1306.9238281250	n/a	669145	14212
1306.9238281250	n/a	669145	14211
1307.6914062500	n/a	669538	15411
1307.9511718750	n/a	669671	14212
1307.9511718750	n/a	669671	14211
1308.9785156250	n/a	670197	14212
1308.9785156250	n/a	670197	14211
1310.0039062500	n/a	670722	14212
1310.0039062500	n/a	670722	14211
1310.3515625000	n/a	670900	15511
1311.0312500000	n/a	671248	14212
1311.0312500000	n/a	671248	14111
1312.0585937500	n/a	671774	14112
1312.0585937500	n/a	671774	14211
1313.0117187500	n/a	672262	15611
1313.0839843750	n/a	672299	14212
1313.0839843750	n/a	672299	14211
1314.1113281250	n/a	672825	14212
1315.5917968750	n/a	673583	21111
1316.1523437500	n/a	673870	21111
1316.5527343750	n/a	674075	21111
1318.1191406250	n/a	674877	21111
1319.0078125000	n/a	675332	21201
1321.5644531250	n/a	676641	21321
1321.5644531250	n/a	676641	16201
1322.5644531250	n/a	677153	16202
1322.6660156250	n/a	677205	13002
1322.6660156250	n/a	677205	13001
1322.6660156250	n/a	677205	14211
1323.6660156250	n/a	677717	15111
1323.6914062500	n/a	677730	14212
1323.6914062500	n/a	677730	14211
1324.7187500000	n/a	678256	14212
1324.7187500000	n/a	678256	14211
1325.7441406250	n/a	678781	14212
1325.7441406250	n/a	678781	14211
1326.3242187500	n/a	679078	15211
1326.7714843750	n/a	679307	14212
1326.7714843750	n/a	679307	14211
1327.7988281250	n/a	679833	14212
1327.7988281250	n/a	679833	14111
1328.8242187500	n/a	680358	14112
1328.8242187500	n/a	680358	14211
1328.9843750000	n/a	680440	15311
1329.8515625000	n/a	680884	14212
1329.8515625000	n/a	680884	14211
1330.8769531250	n/a	681409	14212
1330.8769531250	n/a	681409	14211
1331.6445312500	n/a	681802	15411
1331.9042968750	n/a	681935	14212
1331.9042968750	n/a	681935	14211
1332.9316406250	n/a	682461	14212
1332.9316406250	n/a	682461	14211
1333.9570312500	n/a	682986	14212
1333.9570312500	n/a	682986	14111
1334.3046875000	n/a	683164	15511
1334.9843750000	n/a	683512	14112
1334.9843750000	n/a	683512	14211
1336.0117187500	n/a	684038	14212
1336.0117187500	n/a	684038	14211
1336.9648437500	n/a	684526	15611
1337.0371093750	n/a	684563	14212
1337.0371093750	n/a	684563	14211
1338.0644531250	n/a	685089	14212
1338.6835937500	n/a	685406	21111
1339.3242187500	n/a	685734	21111
1340.3808593750	n/a	686275	21201
1343.8203125000	n/a	688036	21311
1343.8203125000	n/a	688036	16101
1344.8203125000	n/a	688548	16102
1344.9218750000	n/a	688600	13002
1344.9218750000	n/a	688600	12102
1344.9218750000	n/a	688600	12201
1344.9218750000	n/a	688600	13001
1344.9218750000	n/a	688600	14211
1345.9218750000	n/a	689112	15121
1345.9472656250	n/a	689125	14212
1345.9472656250	n/a	689125	14211
1346.9746093750	n/a	689651	14212
1346.9746093750	n/a	689651	14211
1348.0000000000	n/a	690176	14212
1348.0000000000	n/a	690176	14211
1348.5800781250	n/a	690473	15221
1349.0273437500	n/a	690702	14212
1349.0273437500	n/a	690702	14211
1350.0546875000	n/a	691228	14212
1350.0546875000	n/a	691228	14211
1351.0800781250	n/a	691753	14212
1351.0800781250	n/a	691753	14111
1351.2402343750	n/a	691835	15321
1352.1074218750	n/a	692279	14112
1352.1074218750	n/a	692279	14211
1353.1328125000	n/a	692804	14212
1353.1328125000	n/a	692804	14211
1353.9003906250	n/a	693197	15421
1354.1601562500	n/a	693330	14212
1354.1601562500	n/a	693330	14211
1355.1875000000	n/a	693856	14212
1355.1875000000	n/a	693856	14111
1356.2128906250	n/a	694381	14112
1356.2128906250	n/a	694381	14211
1356.5605468750	n/a	694559	15521
1357.2402343750	n/a	694907	14212
1357.2402343750	n/a	694907	14211
1358.2675781250	n/a	695433	14212
1358.2675781250	n/a	695433	14211
1359.2207031250	n/a	695921	15621
1359.2929687500	n/a	695958	14212
1359.2929687500	n/a	695958	14211
1360.3203125000	n/a	696484	14212
1361.0878906250	n/a	696877	21111
1361.7265625000	n/a	697204	21111
1363.3339843750	n/a	698027	21201
1363.3339843750	n/a	698027	13002
1364.5410156250	n/a	698645	13001
1364.5410156250	n/a	698645	14211
1365.5410156250	n/a	699157	15121
1365.5664062500	n/a	699170	14212
1365.5664062500	n/a	699170	14211
1366.5937500000	n/a	699696	14212
1366.5937500000	n/a	699696	14211
1367.6191406250	n/a	700221	14212
1367.6191406250	n/a	700221	14111
1368.1992187500	n/a	700518	15221
1368.6464843750	n/a	700747	14112
1368.6464843750	n/a	700747	14211
1369.6738281250	n/a	701273	14212
1369.6738281250	n/a	701273	14211
1370.6992187500	n/a	701798	14212
1370.6992187500	n/a	701798	14211
1370.8593750000	n/a	701880	15321
1371.7265625000	n/a	702324	14212
1371.7265625000	n/a	702324	14211
1372.7519531250	n/a	702849	14212
1372.7519531250	n/a	702849	14211
1373.5195312500	n/a	703242	15421
1373.7792968750	n/a	703375	14212
1373.7792968750	n/a	703375	14111
1374.8066406250	n/a	703901	14112
1374.8066406250	n/a	703901	14211
1375.8320312500	n/a	704426	14212
1375.8320312500	n/a	704426	14111
1376.1796875000	n/a	704604	15521
1376.8593750000	n/a	704952	14112
1376.8593750000	n/a	704952	14211
1377.8867187500	n/a	705478	14212
1377.8867187500	n/a	705478	14211
1378.8398437500	n/a	705966	15621
1378.9121093750	n/a	706003	14212
1378.9121093750	n/a	706003	14111
1379.9394531250	n/a	706529	14112
1380.4589843750	n/a	706795	21111
1381.4101562500	n/a	707282	21111
1382.1953125000	n/a	707684	21111
1382.7226562500	n/a	707954	21111
1383.5156250000	n/a	708360	21201
1383.5156250000	n/a	708360	13002
1384.7480468750	n/a	708991	13001
1384.7480468750	n/a	708991	14111
1385.7480468750	n/a	709503	15121
1385.7734375000	n/a	709516	14112
1385.7734375000	n/a	709516	14111
1386.8007812500	n/a	710042	14112
1386.8007812500	n/a	710042	14211
1387.8261718750	n/a	710567	14212
1387.8261718750	n/a	710567	14211
1388.4062500000	n/a	710864	15221
1388.8535156250	n/a	711093	14212
1388.8535156250	n/a	711093	14211
1389.8808593750	n/a	711619	14212
1389.8808593750	n/a	711619	14211
1390.9062500000	n/a	712144	14212
1390.9062500000	n/a	712144	14211
1391.0664062500	n/a	712226	15321
1391.9335937500	n/a	712670	14212
1391.9335937500	n/a	712670	14211
1392.9589843750	n/a	713195	14212
1392.9589843750	n/a	713195	14211
1393.7265625000	n/a	713588	15421
1393.9863281250	n/a	713721	14212
1393.9863281250	n/a	713721	14211
1395.0136718750	n/a	714247	14212
1395.0136718750	n/a	714247	14211
1396.0390625000	n/a	714772	14212
1396.0390625000	n/a	714772	14211
1396.3867187500	n/a	714950	15521
1397.0664062500	n/a	715298	14212
1397.0664062500	n/a	715298	14211
1398.0937500000	n/a	715824	14212
1398.0937500000	n/a	715824	14211
1399.0468750000	n/a	716312	15621
1399.1191406250	n/a	716349	14212
1399.1191406250	n/a	716349	14211
1400.1464843750	n/a	716875	14212
1403.1425781250	n/a	718409	21111
1403.6621093750	n/a	718675	21111
1404.5917968750	n/a	719151	21201
1404.5917968750	n/a	719151	13002
1405.8046875000	n/a	719772	13001
1405.8046875000	n/a	719772	14111
1406.8046875000	n/a	720284	15121
1406.8300781250	n/a	720297	14112
1406.8300781250	n/a	720297	14211
1407.8574218750	n/a	720823	14212
1407.8574218750	n/a	720823	14211
1408.8828125000	n/a	721348	14212
1408.8828125000	n/a	721348	14211
1409.4628906250	n/a	721645	15221
1409.9101562500	n/a	721874	14212
1409.9101562500	n/a	721874	14211
1410.9375000000	n/a	722400	14212
1410.9375000000	n/a	722400	14211
1411.9628906250	n/a	722925	14212
1411.9628906250	n/a	722925	14111
1412.1230468750	n/a	723007	15321
1412.9902343750	n/a	723451	14112
1412.9902343750	n/a	723451	14211
1414.0156250000	n/a	723976	14212
1414.0156250000	n/a	723976	14111
1414.7832031250	n/a	724369	15421
1415.0429687500	n/a	724502	14112
1415.0429687500	n/a	724502	14211
1416.0703125000	n/a	725028	14212
1416.0703125000	n/a	725028	14211
1417.0957031250	n/a	725553	14212
1417.0957031250	n/a	725553	14111
1417.4433593750	n/a	725731	15521
1418.1230468750	n/a	726079	14112
1418.1230468750	n/a	726079	14211
1419.1503906250	n/a	726605	14212
1419.1503906250	n/a	726605	14211
1420.1035156250	n/a	727093	15621
1420.1757812500	n/a	727130	14212
1420.1757812500	n/a	727130	14211
1421.2031250000	n/a	727656	14212
1421.9082031250	n/a	728017	21111
1422.7949218750	n/a	728471	21111
1423.3886718750	n/a	728775	21111
1423.9726562500	n/a	729074	21111
1424.9160156250	n/a	729557	21201
1424.9160156250	n/a	729557	13002
1426.1250000000	n/a	730176	13001
1426.1250000000	n/a	730176	14211
1427.1250000000	n/a	730688	15121
1427.1503906250	n/a	730701	14212
1427.1503906250	n/a	730701	14211
1428.1777343750	n/a	731227	14212
1428.1777343750	n/a	731227	14211
1429.2031250000	n/a	731752	14212
1429.2031250000	n/a	731752	14211
1429.7832031250	n/a	732049	15221
1430.2304687500	n/a	732278	14212
1430.2304687500	n/a	732278	14211
1431.2578125000	n/a	732804	14212
1431.2578125000	n/a	732804	14211
1432.2832031250	n/a	733329	14212
1432.2832031250	n/a	733329	14211
1432.4433593750	n/a	733411	15321
1433.3105468750	n/a	733855	14212
1433.3105468750	n/a	733855	14211
1434.3359375000	n/a	734380	14212
1434.3359375000	n/a	734380	14211
1435.1035156250	n/a	734773	15421
1435.3632812500	n/a	734906	14212
1435.3632812500	n/a	734906	14111
1436.3906250000	n/a	735432	14112
1436.3906250000	n/a	735432	14211
1437.4160156250	n/a	735957	14212
1437.4160156250	n/a	735957	14211
1437.7636718750	n/a	736135	15521
1438.4433593750	n/a	736483	14212
1438.4433593750	n/a	736483	14211
1439.4707031250	n/a	737009	14212
1439.4707031250	n/a	737009	14111
1440.4238281250	n/a	737497	15621
1440.4960937500	n/a	737534	14112
1440.4960937500	n/a	737534	14211
1441.5234375000	n/a	738060	14212
1442.6757812500	n/a	738650	21111
1443.4277343750	n/a	739035	21111
1444.1406250000	n/a	739400	21201
1444.1406250000	n/a	739400	13002
1445.3261718750	n/a	740007	13001
1445.3261718750	n/a	740007	14211
1446.3261718750	n/a	740519	15121
1446.3515625000	n/a	740532	14212
1446.3515625000	n/a	740532	14211
1447.3789062500	n/a	741058	14212
1447.3789062500	n/a	741058	14211
1448.4042968750	n/a	741583	14212
1448.4042968750	n/a	741583	14211
1448.9843750000	n/a	741880	15221
1449.4316406250	n/a	742109	14212
1449.4316406250	n/a	742109	14111
1450.4589843750	n/a	742635	14112
1450.4589843750	n/a	742635	14211
1451.4843750000	n/a	743160	14212
1451.4843750000	n/a	743160	14211
1451.6445312500	n/a	743242	15321
1452.5117187500	n/a	743686	14212
1452.5117187500	n/a	743686	14111
1453.5371093750	n/a	744211	14112
1453.5371093750	n/a	744211	14211
1454.3046875000	n/a	744604	15421
1454.5644531250	n/a	744737	14212
1454.5644531250	n/a	744737	14211
1455.5917968750	n/a	745263	14212
1455.5917968750	n/a	745263	14211
1456.6171875000	n/a	745788	14212
1456.6171875000	n/a	745788	14211
1456.9648437500	n/a	745966	15521
1457.6445312500	n/a	746314	14212
1457.6445312500	n/a	746314	14211
1458.6718750000	n/a	746840	14212
1458.6718750000	n/a	746840	14111
1459.6250000000	n/a	747328	15621
1459.6972656250	n/a	747365	14112
1459.6972656250	n/a	747365	14211
1460.7246093750	n/a	747891	14212
1462.3535156250	n/a	748725	21111
1462.8105468750	n/a	748959	21111
1463.4023437500	n/a	749262	21111
1464.1933593750	n/a	749667	21201
1464.1933593750	n/a	749667	13002
1465.4023437500	n/a	750286	13001
1465.4023437500	n/a	750286	14111
1466.4023437500	n/a	750798	15121
1466.4277343750	n/a	750811	14112
1466.4277343750	n/a	750811	14211
1467.4550781250	n/a	751337	14212
1467.4550781250	n/a	751337	14211
1468.4804687500	n/a	751862	14212
1468.4804687500	n/a	751862	14211
1469.0605468750	n/a	752159	15221
1469.5078125000	n/a	752388	14212
1469.5078125000	n/a	752388	14211
1470.5351562500	n/a	752914	14212
1470.5351562500	n/a	752914	14211
1471.5605468750	n/a	753439	14212
1471.5605468750	n/a	753439	14211
1471.7207031250	n/a	753521	15321
1472.5878906250	n/a	753965	14212
1472.5878906250	n/a	753965	14111
1473.6132812500	n/a	754490	14112
1473.6132812500	n/a	754490	14211
1474.3808593750	n/a	754883	15421
1474.6406250000	n/a	755016	14212
1474.6406250000	n/a	755016	14211
1475.6679687500	n/a	755542	14212
1475.6679687500	n/a	755542	14211
1476.6933593750	n/a	756067	14212
1476.6933593750	n/a	756067	14211
1477.0410156250	n/a	756245	15521
1477.7207031250	n/a	756593	14212
1477.7207031250	n/a	756593	14211
1478.7480468750	n/a	757119	14212
1478.7480468750	n/a	757119	14211
1479.7011718750	n/a	757607	15621
1479.7734375000	n/a	757644	14212
1479.7734375000	n/a	757644	14211
1480.8007812500	n/a	758170	14212
1481.2304687500	n/a	758390	21111
1481.8964843750	n/a	758731	21111
1482.5273437500	n/a	759054	21201
1482.5273437500	n/a	759054	13002
1483.7636718750	n/a	759687	13001
1483.7636718750	n/a	759687	14211
1484.7636718750	n/a	760199	15121
1484.7890625000	n/a	760212	14212
1484.7890625000	n/a	760212	14111
1485.8164062500	n/a	760738	14112
1485.8164062500	n/a	760738	14111
1486.8417968750	n/a	761263	14112
1486.8417968750	n/a	761263	14111
1487.4218750000	n/a	761560	15221
1487.8691406250	n/a	761789	14112
1487.8691406250	n/a	761789	14211
1488.8964843750	n/a	762315	14212
1488.8964843750	n/a	762315	14211
1489.9218750000	n/a	762840	14212
1489.9218750000	n/a	762840	14211
1490.0820312500	n/a	762922	15321
1490.9492187500	n/a	763366	14212
1490.9492187500	n/a	763366	14211
1491.9746093750	n/a	763891	14212
1491.9746093750	n/a	763891	14211
1492.7421875000	n/a	764284	15421
1493.0019531250	n/a	764417	14212
1493.0019531250	n/a	764417	14211
1494.0292968750	n/a	764943	14212
1494.0292968750	n/a	764943	14211
1495.0546875000	n/a	765468	14212
1495.0546875000	n/a	765468	14211
1495.4023437500	n/a	765646	15521
1496.0820312500	n/a	765994	14212
1496.0820312500	n/a	765994	14111
1497.1093750000	n/a	766520	14112
1497.1093750000	n/a	766520	14211
1498.0625000000	n/a	767008	15621
1498.1347656250	n/a	767045	14212
1498.1347656250	n/a	767045	14211
1499.1621093750	n/a	767571	14212
1499.9023437500	n/a	767950	21111
1500.5273437500	n/a	768270	21111
1500.9824218750	n/a	768503	21111
1501.5507812500	n/a	768794	21111
1502.3750000000	n/a	769216	21201
1502.3750000000	n/a	769216	13002
1503.5703125000	n/a	769828	13001
1503.5703125000	n/a	769828	14211
1504.5703125000	n/a	770340	15121
1504.5957031250	n/a	770353	14212
1504.5957031250	n/a	770353	14211
1505.6230468750	n/a	770879	14212
1505.6230468750	n/a	770879	14211
1506.6484375000	n/a	771404	14212
1506.6484375000	n/a	771404	14111
1507.2285156250	n/a	771701	15221
1507.6757812500	n/a	771930	14112
1507.6757812500	n/a	771930	14211
1508.7031250000	n/a	772456	14212
1508.7031250000	n/a	772456	14211
1509.7285156250	n/a	772981	14212
1509.7285156250	n/a	772981	14211
1509.8886718750	n/a	773063	15321
1510.7558593750	n/a	773507	14212
1510.7558593750	n/a	773507	14211
1511.7812500000	n/a	774032	14212
1511.7812500000	n/a	774032	14211
1512.5488281250	n/a	774425	15421
1512.8085937500	n/a	774558	14212
1512.8085937500	n/a	774558	14211
1513.8359375000	n/a	775084	14212
1513.8359375000	n/a	775084	14211
1514.8613281250	n/a	775609	14212
1514.8613281250	n/a	775609	14211
1515.2089843750	n/a	775787	15521
1515.8886718750	n/a	776135	14212
1515.8886718750	n/a	776135	14211
1516.9160156250	n/a	776661	14212
1516.9160156250	n/a	776661	14111
1517.8691406250	n/a	777149	15621
1517.9414062500	n/a	777186	14112
1517.9414062500	n/a	777186	14211
1518.9687500000	n/a	777712	14212
1519.6386718750	n/a	778055	21111
1520.3339843750	n/a	778411	21111
1521.1992187500	n/a	778854	21201
1521.1992187500	n/a	778854	13002
1522.4003906250	n/a	779469	13001
1522.4003906250	n/a	779469	14211
1523.4003906250	n/a	779981	15121
1523.4257812500	n/a	779994	14212
1523.4257812500	n/a	779994	14111
1524.4531250000	n/a	780520	14112
1524.4531250000	n/a	780520	14211
1525.4785156250	n/a	781045	14212
1525.4785156250	n/a	781045	14211
1526.0585937500	n/a	781342	15221
1526.5058593750	n/a	781571	14212
1526.5058593750	n/a	781571	14211
1527.5332031250	n/a	782097	14212
1527.5332031250	n/a	782097	14211
1528.5585937500	n/a	782622	14212
1528.5585937500	n/a	782622	14111
1528.7187500000	n/a	782704	15321
1529.5859375000	n/a	783148	14112
1529.5859375000	n/a	783148	14211
1530.6113281250	n/a	783673	14212
1530.6113281250	n/a	783673	14211
1531.3789062500	n/a	784066	15421
1531.6386718750	n/a	784199	14212
1531.6386718750	n/a	784199	14211
1532.6660156250	n/a	784725	14212
1532.6660156250	n/a	784725	14211
1533.6914062500	n/a	785250	14212
1533.6914062500	n/a	785250	14211
1534.0390625000	n/a	785428	15521
1534.7187500000	n/a	785776	14212
1534.7187500000	n/a	785776	14211
1535.7460937500	n/a	786302	14212
1535.7460937500	n/a	786302	14211
1536.6992187500	n/a	786790	15621
1536.7714843750	n/a	786827	14212
1536.7714843750	n/a	786827	14211
1537.7988281250	n/a	787353	14212
1539.5800781250	n/a	788265	21111
1540.2050781250	n/a	788585	21111
1540.9804687500	n/a	788982	21201
1540.9804687500	n/a	788982	13002
1542.1757812500	n/a	789594	13001
1542.1757812500	n/a	789594	14211
1543.1757812500	n/a	790106	15121
1543.2011718750	n/a	790119	14212
1543.2011718750	n/a	790119	14211
1544.2285156250	n/a	790645	14212
1544.2285156250	n/a	790645	14211
1545.2539062500	n/a	791170	14212
1545.2539062500	n/a	791170	14211
1545.8339843750	n/a	791467	15221
1546.2812500000	n/a	791696	14212
1546.2812500000	n/a	791696	14211
1547.3085937500	n/a	792222	14212
1547.3085937500	n/a	792222	14211
1548.3339843750	n/a	792747	14212
1548.3339843750	n/a	792747	14211
1548.4941406250	n/a	792829	15321
1549.3613281250	n/a	793273	14212
1549.3613281250	n/a	793273	14111
1550.3867187500	n/a	793798	14112
1550.3867187500	n/a	793798	14211
1551.1542968750	n/a	794191	15421
1551.4140625000	n/a	794324	14212
1551.4140625000	n/a	794324	14211
1552.4414062500	n/a	794850	14212
1552.4414062500	n/a	794850	14211
1553.4667968750	n/a	795375	14212
1553.4667968750	n/a	795375	14211
1553.8144531250	n/a	795553	15521
1554.4941406250	n/a	795901	14212
1554.4941406250	n/a	795901	14111
1555.5214843750	n/a	796427	14112
1555.5214843750	n/a	796427	14211
1556.4746093750	n/a	796915	15621
1556.5468750000	n/a	796952	14212
1556.5468750000	n/a	796952	14211
1557.5742187500	n/a	797478	14212
1558.1777343750	n/a	797787	21111
1558.6972656250	n/a	798053	21111
1559.3378906250	n/a	798381	21201
1559.3378906250	n/a	798381	13002
1559.3378906250	n/a	798381	12202
1560.2539062500	n/a	798850	11002
